sic_mean,sic_uncertainty,iceberg_risk,iceberg_risk_uncertainty,iceberg_uncertainty,wind_cost,current_cost,current_uo,current_vo,depth,normalized_dist_to_goal,rel_row_to_goal,rel_col_to_goal,t_hours,n_rows,n_cols,action
0.1894738,0.060571946,4.022814e-08,0.053540215,2.8837862,0.3,0.07266564,0.0,0.0,0.0,0.7424416,-0.45,-0.88,0.0,20.0,25.0,7
0.23684253,0.05672958,1.3282217e-07,0.050733685,2.3726892,0.3,0.059667643,0.0,0.0,0.0,0.7019138,-0.4,-0.84,1.0,20.0,25.0,4
0.23684265,0.06680549,3.1862382e-07,0.055048786,2.2597554,0.3,0.095037095,0.0,0.0,0.0,0.6728172,-0.4,-0.8,2.0,20.0,25.0,4
0.23684278,0.06493876,7.4339937e-07,0.06426711,2.7234237,0.3,0.12561633,0.0,0.0,0.0,0.6439209,-0.4,-0.76,3.0,20.0,25.0,7
0.28421268,0.07330199,2.196382e-06,0.05567585,2.158616,0.3,0.10538022,0.0,0.0,0.0,0.6032433,-0.35,-0.72,4.0,20.0,25.0,4
0.284213,0.075091675,4.8475727e-06,0.057262372,2.880895,0.3,0.08055243,0.0,0.0,0.0,0.57424396,-0.35,-0.68,5.0,20.0,25.0,7
0.33158597,0.081891954,1.3177069e-05,0.06337484,2.932094,0.3,0.13224806,0.0,0.0,0.0,0.5337397,-0.3,-0.64,6.0,20.0,25.0,7
0.37896577,0.07351645,3.388332e-05,0.06363514,2.997294,0.3,0.11502011,0.0,0.0,0.0,0.4938648,-0.25,-0.6,7.0,20.0,25.0,7
0.4263601,0.09238961,8.241873e-05,0.067556374,2.3689384,0.3,0.13866042,0.0,0.0,0.0,0.45478487,-0.2,-0.56,8.0,20.0,25.0,4
0.42635924,0.08355602,0.00016277561,0.05787332,2.8651721,0.3,0.09497847,0.0,0.0,0.0,0.42483857,-0.2,-0.52,9.0,20.0,25.0,7
0.47377712,0.090204515,0.00036428752,0.055024426,2.3121834,0.3,-0.34019175,0.0,0.0,0.0,0.38635254,-0.15,-0.48,10.0,20.0,25.0,4
0.47376826,0.097769424,0.0006806177,0.06498102,2.4586232,0.3,-0.3011759,0.0,0.0,0.0,0.35613096,-0.15,-0.44,11.0,20.0,25.0,4
0.4737573,0.104950294,0.0012369624,0.05085619,2.0178053,0.3,-0.33499512,0.0,0.0,0.0,0.32610038,-0.15,-0.4,12.0,20.0,25.0,4
0.47374526,0.1022182,0.00218734,0.061725896,2.0833836,0.3,-0.31753242,0.0,0.0,0.0,0.2963189,-0.15,-0.36,13.0,20.0,25.0,4
0.4737332,0.10134315,0.0037658808,0.065814056,2.411323,0.3,-0.27626428,0.0,0.0,0.0,0.26686984,-0.15,-0.32,14.0,20.0,25.0,4
0.47372198,0.101452515,0.0063219466,0.068483606,2.5115485,0.3,-0.30239818,0.0,0.0,0.0,0.23787679,-0.15,-0.28,15.0,20.0,25.0,4
0.4737122,0.09459265,0.010379089,0.0583985,2.651916,0.3,-0.31241116,0.0,0.0,0.0,0.20952909,-0.15,-0.24,16.0,20.0,25.0,4
0.47370413,0.09327467,0.01675054,0.06893773,2.3754153,0.3,-0.31055236,0.0,0.0,0.0,0.18212834,-0.15,-0.2,17.0,20.0,25.0,4
0.47369784,0.10359006,0.02677133,0.056228332,2.8288386,0.3,-0.30405533,0.0,0.0,0.0,0.15617377,-0.15,-0.16,18.0,20.0,25.0,7
0.52107215,0.114097744,0.047359377,0.075746275,2.4042795,0.3,-0.27836767,0.0,0.0,0.0,0.1126185,-0.1,-0.12,19.0,20.0,25.0,7
0.5684469,0.12487079,0.07895451,0.06851316,3.266556,0.3,-0.2884987,0.0,0.0,0.0,0.06984303,-0.05,-0.08,20.0,20.0,25.0,4
0.56843674,0.11726552,0.12186235,0.07624273,2.8285258,0.3,-0.27253664,0.0,0.0,0.0,0.04417261,-0.05,-0.04,21.0,20.0,25.0,7
0.47369316,0.1036051,0.042712066,0.073335856,3.0736828,0.3,-0.27149835,0.0,0.0,0.0,0.50461286,0.3,0.6,0.0,20.0,25.0,0
0.42632177,0.09650694,0.02314778,0.07146366,2.7419593,0.3,0.09813441,0.0,0.0,0.0,0.46433797,0.25,0.56,1.0,20.0,25.0,0
0.37895107,0.08728476,0.012052972,0.06642529,2.3335245,0.3,0.07391801,0.0,0.0,0.0,0.42483857,0.2,0.52,2.0,20.0,25.0,0
0.33158106,0.0770072,0.006042476,0.055754565,2.6511278,0.3,0.0646374,0.0,0.0,0.0,0.38635254,0.15,0.48,3.0,20.0,25.0,0
0.28421164,0.06358965,0.002902445,0.053648993,2.52198,0.3,0.14305952,0.0,0.0,0.0,0.34921515,0.1,0.44,4.0,20.0,25.0,0
0.23684265,0.061626185,0.0013278857,0.056640767,2.3544486,0.3,0.13420333,0.0,0.0,0.0,0.3139054,0.05,0.4,5.0,20.0,25.0,0
0.18947393,0.071714036,0.00057633757,0.0685039,2.582968,0.3,0.116948694,0.0,0.0,0.0,0.28111276,0.0,0.36,6.0,20.0,25.0,3
0.18947397,0.0669529,0.00032601703,0.06752048,2.59457,0.3,0.08330019,0.0,0.0,0.0,0.24987802,0.0,0.32,7.0,20.0,25.0,3
0.18947402,0.07044724,0.00017940205,0.05166209,2.5378714,0.3,0.08243337,0.0,0.0,0.0,0.21864326,0.0,0.28,8.0,20.0,25.0,3
0.18947406,0.07287878,9.6024174e-05,0.06257241,2.2242978,0.3,0.10329578,0.0,0.0,0.0,0.1874085,0.0,0.24,9.0,20.0,25.0,3
0.18947408,0.05750925,4.9989554e-05,0.06599571,2.2246904,0.3,0.11508774,0.0,0.0,0.0,0.15617377,0.0,0.2,10.0,20.0,25.0,3
0.18947409,0.060079854,2.5311441e-05,0.050790038,2.8159597,0.3,0.13800791,0.0,0.0,0.0,0.12493901,0.0,0.16,11.0,20.0,25.0,3
0.18947408,0.055824425,1.2464975e-05,0.06380977,2.1539583,0.3,0.104001194,0.0,0.0,0.0,0.09370425,0.0,0.12,12.0,20.0,25.0,3
0.18947406,0.05886079,5.9703852e-06,0.06006924,2.6960504,0.3,0.07337121,0.0,0.0,0.0,0.062469505,0.0,0.08,13.0,20.0,25.0,3
0.18947402,0.06939585,2.7813114e-06,0.057285815,2.7582524,0.3,0.13003565,0.0,0.0,0.0,0.031234752,0.0,0.04,14.0,20.0,25.0,3
0.094736844,0.055640664,0.005187396,0.06645117,2.2595448,0.3,0.06680142,0.0,0.0,0.0,0.2686915,-0.25,0.28,0.0,20.0,25.0,5
0.14210528,0.06258536,0.0048840246,0.060211837,2.2009482,0.3,0.10783869,0.0,0.0,0.0,0.225237,-0.2,0.24,1.0,20.0,25.0,5
0.18947376,0.06507167,0.0043381895,0.06561592,2.1512058,0.3,0.123065054,0.0,0.0,0.0,0.18212834,-0.15,0.2,2.0,20.0,25.0,5
0.23684241,0.06260811,0.003645066,0.05709671,2.5839572,0.3,0.11235857,0.0,0.0,0.0,0.13968606,-0.1,0.16,3.0,20.0,25.0,5
0.28421164,0.06358965,0.002902445,0.053648993,2.52198,0.3,0.14305952,0.0,0.0,0.0,0.09877296,-0.05,0.12,4.0,20.0,25.0,3
0.28421196,0.06627488,0.0017296921,0.05517861,2.8407826,0.3,0.07085105,0.0,0.0,0.0,0.06984303,-0.05,0.08,5.0,20.0,25.0,5
0.33158356,0.06620722,0.001272592,0.056664474,2.0737135,0.3,0.067483865,0.0,0.0,0.0,0.031234752,0.0,0.04,6.0,20.0,25.0,3
6.183461e-10,0.06281695,0.001551836,0.06211539,2.7051795,0.3,0.056026738,0.0,0.0,0.0,0.5759404,-0.2,0.72,0.0,20.0,25.0,5
0.047368422,0.056172352,0.0015087415,0.06258888,2.8935215,0.3,0.14629269,0.0,0.0,0.0,0.5391954,-0.15,0.68,1.0,20.0,25.0,3
0.047368426,0.06918316,0.00095166755,0.063576765,2.6306498,0.3,0.07565628,0.0,0.0,0.0,0.50846493,-0.15,0.64,2.0,20.0,25.0,3
0.047368426,0.05168452,0.000584607,0.054660548,2.3216755,0.3,0.10673122,0.0,0.0,0.0,0.47779983,-0.15,0.6,3.0,20.0,25.0,5
0.09473687,0.054484833,0.00050866016,0.05792118,2.2413204,0.3,0.11675499,0.0,0.0,0.0,0.44172612,-0.1,0.56,4.0,20.0,25.0,3
0.09473687,0.06252027,0.00029582533,0.06184273,2.7390614,0.3,0.092373826,0.0,0.0,0.0,0.41082904,-0.1,0.52,5.0,20.0,25.0,3
0.094736874,0.05728504,0.00016736911,0.057036858,2.4221938,0.3,0.13226143,0.0,0.0,0.0,0.37998715,-0.1,0.48,6.0,20.0,25.0,3
0.09473688,0.058801416,9.21059e-05,0.05030471,2.4182272,0.3,0.07748061,0.0,0.0,0.0,0.34921515,-0.1,0.44,7.0,20.0,25.0,5
0.14210539,0.0654606,6.976636e-05,0.05258806,2.1673827,0.3,0.09043188,0.0,0.0,0.0,0.3139054,-0.05,0.4,8.0,20.0,25.0,3
0.1421054,0.06730158,3.632001e-05,0.051522713,2.613593,0.3,0.11951446,0.0,0.0,0.0,0.28284273,-0.05,0.36,9.0,20.0,25.0,3
0.1421054,0.059213117,1.8390088e-05,0.05480567,2.4674935,0.3,0.06364398,0.0,0.0,0.0,0.25182262,-0.05,0.32,10.0,20.0,25.0,5
0.18947408,0.055824425,1.2464975e-05,0.06380977,2.1539583,0.3,0.104001194,0.0,0.0,0.0,0.21864326,0.0,0.28,11.0,20.0,25.0,3
0.18947406,0.05886079,5.9703852e-06,0.06006924,2.6960504,0.3,0.07337121,0.0,0.0,0.0,0.1874085,0.0,0.24,12.0,20.0,25.0,3
0.18947402,0.06939585,2.7813114e-06,0.057285815,2.7582524,0.3,0.13003565,0.0,0.0,0.0,0.15617377,0.0,0.2,13.0,20.0,25.0,3
0.18947397,0.062492482,1.2601816e-06,0.054126862,2.3962483,0.3,0.056761257,0.0,0.0,0.0,0.12493901,0.0,0.16,14.0,20.0,25.0,3
0.18947393,0.05927067,5.5533235e-07,0.059215657,2.173898,0.3,0.10190598,0.0,0.0,0.0,0.09370425,0.0,0.12,15.0,20.0,25.0,3
0.18947388,0.072436154,2.3801758e-07,0.052412752,2.994909,0.3,0.056942385,0.0,0.0,0.0,0.062469505,0.0,0.08,16.0,20.0,25.0,3
0.18947384,0.06445624,9.9220486e-08,0.051774066,2.9277527,0.3,0.08549963,0.0,0.0,0.0,0.031234752,0.0,0.04,17.0,20.0,25.0,3
0.18947372,0.07220665,0.010546346,0.055768937,3.0083833,0.3,0.056014236,0.0,0.0,0.0,0.225237,-0.2,0.24,0.0,20.0,25.0,5
0.23684226,0.05732828,0.009246605,0.069197536,2.924863,0.3,0.12552704,0.0,0.0,0.0,0.18212834,-0.15,0.2,1.0,20.0,25.0,5
0.28421113,0.07167714,0.007666549,0.056851886,2.3253708,0.3,0.13174497,0.0,0.0,0.0,0.13968606,-0.1,0.16,2.0,20.0,25.0,5
0.33158106,0.0770072,0.006042476,0.055754565,2.6511278,0.3,0.0646374,0.0,0.0,0.0,0.09877296,-0.05,0.12,3.0,20.0,25.0,3
0.3315818,0.082353525,0.0036790036,0.06070406,2.364278,0.3,0.0898663,0.0,0.0,0.0,0.06984303,-0.05,0.08,4.0,20.0,25.0,5
0.3789565,0.07680829,0.0026991575,0.067017265,2.095877,0.3,0.055778056,0.0,0.0,0.0,0.031234752,0.0,0.04,5.0,20.0,25.0,3
0.61646235,0.14110726,6.3997304e-06,0.05904975,2.7192338,0.3,-0.28981185,0.0,0.0,0.0,0.36425668,0.5,-0.24,0.0,20.0,25.0,2
0.5688054,0.118125975,1.3177069e-05,0.06851335,2.801794,0.3,-0.33148044,0.0,0.0,0.0,0.32158145,0.45,-0.2,1.0,20.0,25.0,2
0.5212553,0.10057751,2.5665428e-05,0.056917768,2.0098991,0.3,-0.28627986,0.0,0.0,0.0,0.27937213,0.4,-0.16,2.0,20.0,25.0,2
0.47378287,0.089346364,4.728798e-05,0.06577904,2.582208,0.3,-0.29520404,0.0,0.0,0.0,0.23787679,0.35,-0.12,3.0,20.0,25.0,1
0.42635924,0.08184543,4.0588242e-05,0.0571827,2.6518698,0.3,0.063071035,0.0,0.0,0.0,0.20952909,0.3,-0.12,4.0,20.0,25.0,2
0.37896612,0.08127497,6.8803674e-05,0.06521488,2.4265254,0.3,0.06520248,0.0,0.0,0.0,0.1682043,0.25,-0.08,5.0,20.0,25.0,2
0.33158642,0.08068961,0.00011033084,0.061448805,2.6884375,0.3,0.14227572,0.0,0.0,0.0,0.12878418,0.2,-0.04,6.0,20.0,25.0,1
0.28421345,0.0725054,8.712742e-05,0.06974337,2.1293056,0.3,0.10156795,0.0,0.0,0.0,0.09877296,0.15,-0.04,7.0,20.0,25.0,2
0.23684314,0.07065092,0.00012854392,0.05486869,2.4957893,0.3,0.065241605,0.0,0.0,0.0,0.062469505,0.1,0.0,8.0,20.0,25.0,1
0.18947406,0.07287878,9.6024174e-05,0.06257241,2.2242978,0.3,0.10329578,0.0,0.0,0.0,0.031234752,0.05,0.0,9.0,20.0,25.0,1
0.6632189,0.15463974,0.12028682,0.0762177,3.0937119,0.3,-0.2659297,0.0,0.0,0.0,0.3449991,0.55,-0.04,0.0,20.0,25.0,1
0.615821,0.1334426,0.12235114,0.07839657,3.5994053,0.3,-0.2613075,0.0,0.0,0.0,0.3139054,0.5,-0.04,1.0,20.0,25.0,1
0.56843674,0.11726552,0.12186235,0.07624273,2.8285258,0.3,-0.27253664,0.0,0.0,0.0,0.28284273,0.45,-0.04,2.0,20.0,25.0,1
0.5210601,0.11115568,0.11778285,0.08160044,3.2253444,0.3,-0.34287432,0.0,0.0,0.0,0.25182262,0.4,-0.04,3.0,20.0,25.0,1
0.47368765,0.10566764,0.1093719,0.074351534,2.5864782,0.3,-0.25446653,0.0,0.0,0.0,0.22086306,0.35,-0.04,4.0,20.0,25.0,1
0.4263173,0.09721297,0.0967563,0.08264289,3.4046292,0.3,0.12602898,0.0,0.0,0.0,0.18999358,0.3,-0.04,5.0,20.0,25.0,1
0.378948,0.07765461,0.08113572,0.07699277,3.3492944,0.3,0.060104582,0.0,0.0,0.0,0.1592666,0.25,-0.04,6.0,20.0,25.0,1
0.3315792,0.0820869,0.06444359,0.06275379,3.0718699,0.3,0.1463115,0.0,0.0,0.0,0.12878418,0.2,-0.04,7.0,20.0,25.0,1
0.28421062,0.06438919,0.048660453,0.067789294,2.5031059,0.3,0.13059254,0.0,0.0,0.0,0.09877296,0.15,-0.04,8.0,20.0,25.0,2
0.23684213,0.06216347,0.05403064,0.06807344,3.1374474,0.3,0.12087447,0.0,0.0,0.0,0.062469505,0.1,0.0,9.0,20.0,25.0,1
0.18947369,0.058843527,0.03691517,0.06790237,2.8398178,0.3,0.0675303,0.0,0.0,0.0,0.031234752,0.05,0.0,10.0,20.0,25.0,1
0.6649507,0.148743,0.00013401113,0.06553065,2.9130335,0.3,-0.27235526,0.0,0.0,0.0,0.3533809,0.4,0.32,0.0,20.0,25.0,0
0.6166977,0.1268704,6.330237e-05,0.05997685,2.9751096,0.3,-0.26882303,0.0,0.0,0.0,0.30920827,0.35,0.28,1.0,20.0,25.0,0
0.5688458,0.12757057,2.8286002e-05,0.05902103,2.3395917,0.3,-0.33258906,0.0,0.0,0.0,0.26503566,0.3,0.24,2.0,20.0,25.0,0
0.521236,0.10620953,1.1956271e-05,0.055037774,2.5597084,0.3,-0.30385226,0.0,0.0,0.0,0.22086306,0.25,0.2,3.0,20.0,25.0,0
0.4737573,0.10612593,4.7807107e-06,0.062402174,2.2005486,0.3,-0.25404233,0.0,0.0,0.0,0.17669044,0.2,0.16,4.0,20.0,25.0,0
0.42634267,0.0938368,1.8082635e-06,0.053285588,2.8941083,0.3,0.08062536,0.0,0.0,0.0,0.13251783,0.15,0.12,5.0,20.0,25.0,0
0.3789565,0.08242887,6.4699884e-07,0.051267598,2.4886465,0.3,0.093951166,0.0,0.0,0.0,0.08834522,0.1,0.08,6.0,20.0,25.0,0
0.3315818,0.08307977,2.1898674e-07,0.06938944,2.761029,0.3,0.06735245,0.0,0.0,0.0,0.04417261,0.05,0.04,7.0,20.0,25.0,0
0.23684278,0.06493876,7.4339937e-07,0.06426711,2.7234237,0.3,0.12561633,0.0,0.0,0.0,0.1592666,-0.05,0.2,0.0,20.0,25.0,5
0.28421196,0.07957229,4.1484296e-07,0.058633253,2.6186135,0.3,0.058764275,0.0,0.0,0.0,0.12493901,0.0,0.16,1.0,20.0,25.0,3
0.28421164,0.06964833,1.7293227e-07,0.06490882,2.6801417,0.3,0.08601364,0.0,0.0,0.0,0.09370425,0.0,0.12,2.0,20.0,25.0,3
0.28421137,0.06275718,7.0113984e-08,0.061736833,2.6974719,0.3,0.07631126,0.0,0.0,0.0,0.062469505,0.0,0.08,3.0,20.0,25.0,3
0.28421113,0.06465052,2.7648369e-08,0.060742136,2.8370135,0.3,0.08031283,0.0,0.0,0.0,0.031234752,0.0,0.04,4.0,20.0,25.0,3
0.6159729,0.13392043,0.021982538,0.056270637,2.8526192,0.3,-0.25569242,0.0,0.0,0.0,0.18212834,-0.15,0.2,0.0,20.0,25.0,3
0.6160471,0.13462737,0.013771238,0.071287096,2.7960253,0.3,-0.28870603,0.0,0.0,0.0,0.15617377,-0.15,0.16,1.0,20.0,25.0,3
0.61613727,0.12941438,0.008432296,0.054825563,2.910434,0.3,-0.3060595,0.0,0.0,0.0,0.13251783,-0.15,0.12,2.0,20.0,25.0,5
0.66403055,0.16020341,0.0052465224,0.05389178,2.7420576,0.3,-0.34568262,0.0,0.0,0.0,0.08834522,-0.1,0.08,3.0,20.0,25.0,5
0.7125477,0.17580734,0.0030932007,0.06490932,2.2515166,0.6,-0.3400822,0.0,0.0,0.0,0.04417261,-0.05,0.04,4.0,20.0,25.0,5
0.52109605,0.10123908,0.018868174,0.05319243,2.8949275,0.3,-0.3458327,0.0,0.0,0.0,0.27937213,-0.2,0.32,0.0,20.0,25.0,5
0.568549,0.11479559,0.012886751,0.053028245,2.1460638,0.3,-0.28753364,0.0,0.0,0.0,0.23787679,-0.15,0.28,1.0,20.0,25.0,3
0.56859374,0.11513273,0.007876414,0.059161518,2.7709715,0.3,-0.2730777,0.0,0.0,0.0,0.20952909,-0.15,0.24,2.0,20.0,25.0,5
0.6162405,0.13541977,0.0050343894,0.06402591,2.4877949,0.3,-0.30679232,0.0,0.0,0.0,0.1682043,-0.1,0.2,3.0,20.0,25.0,3
0.6163515,0.13578266,0.002926733,0.0507009,2.2723165,0.3,-0.3127833,0.0,0.0,0.0,0.13968606,-0.1,0.16,4.0,20.0,25.0,3
0.61646235,0.12790702,0.0016556242,0.06289363,2.0389307,0.3,-0.32753843,0.0,0.0,0.0,0.1126185,-0.1,0.12,5.0,20.0,25.0,5
0.6646554,0.15189193,0.0009498261,0.05895773,2.6363094,0.3,-0.2954973,0.0,0.0,0.0,0.06984303,-0.05,0.08,6.0,20.0,25.0,3
0.66481286,0.15014465,0.0005083967,0.060564063,2.6255085,0.3,-0.33225712,0.0,0.0,0.0,0.04417261,-0.05,0.04,7.0,20.0,25.0,5
0.3315818,0.082353525,0.0036790036,0.06070406,2.364278,0.3,0.0898663,0.0,0.0,0.0,0.48489374,-0.2,0.6,0.0,20.0,25.0,5
0.3789565,0.07680829,0.0026991575,0.067017265,2.095877,0.3,0.055778056,0.0,0.0,0.0,0.4472136,-0.15,0.56,1.0,20.0,25.0,5
0.42634267,0.09674974,0.001877602,0.059535235,2.8780112,0.3,0.13275379,0.0,0.0,0.0,0.41082904,-0.1,0.52,2.0,20.0,25.0,5
0.4737573,0.104950294,0.0012369624,0.05085619,2.0178053,0.3,-0.33499512,0.0,0.0,0.0,0.37611622,-0.05,0.48,3.0,20.0,25.0,5
0.521236,0.10442869,0.00077123096,0.0593558,2.0370593,0.3,-0.3433348,0.0,0.0,0.0,0.34358227,0.0,0.44,4.0,20.0,25.0,3
0.5212553,0.10955076,0.00041279042,0.05807895,2.352691,0.3,-0.28860664,0.0,0.0,0.0,0.31234753,0.0,0.4,5.0,20.0,25.0,0
0.47378287,0.10720391,0.00018964424,0.056262888,2.7985072,0.3,-0.2655643,0.0,0.0,0.0,0.28284273,-0.05,0.36,6.0,20.0,25.0,3
0.47378486,0.09970298,9.602326e-05,0.053047903,2.2694736,0.3,-0.30456227,0.0,0.0,0.0,0.25182262,-0.05,0.32,7.0,20.0,25.0,3
0.47378287,0.089346364,4.728798e-05,0.06577904,2.582208,0.3,-0.29520404,0.0,0.0,0.0,0.22086306,-0.05,0.28,8.0,20.0,25.0,3
0.47377712,0.09880406,2.264966e-05,0.06788125,2.0643222,0.3,-0.3390264,0.0,0.0,0.0,0.18999358,-0.05,0.24,9.0,20.0,25.0,3
0.47376826,0.101323426,1.0551372e-05,0.060670804,2.4916472,0.3,-0.3012146,0.0,0.0,0.0,0.1592666,-0.05,0.2,10.0,20.0,25.0,3
0.4737573,0.10612593,4.7807107e-06,0.062402174,2.2005486,0.3,-0.25404233,0.0,0.0,0.0,0.12878418,-0.05,0.16,11.0,20.0,25.0,3
0.47374526,0.09853885,2.1067465e-06,0.06588082,2.4303164,0.3,-0.2698463,0.0,0.0,0.0,0.09877296,-0.05,0.12,12.0,20.0,25.0,3
0.4737332,0.090792686,9.0295964e-07,0.052785575,2.6855698,0.3,-0.25241262,0.0,0.0,0.0,0.06984303,-0.05,0.08,13.0,20.0,25.0,5
0.52113503,0.11273721,4.2652792e-07,0.06440079,2.1424978,0.3,-0.32453293,0.0,0.0,0.0,0.031234752,0.0,0.04,14.0,20.0,25.0,3
0.28421345,0.0725054,8.712742e-05,0.06974337,2.1293056,0.3,0.10156795,0.0,0.0,0.0,0.20952909,-0.3,-0.12,0.0,20.0,25.0,7
0.33158597,0.07544918,0.00021193459,0.055631373,2.0688968,0.3,0.09870619,0.0,0.0,0.0,0.1682043,-0.25,-0.08,1.0,20.0,25.0,7
0.37896302,0.07478568,0.00048768838,0.058309972,2.797248,0.3,0.09598004,0.0,0.0,0.0,0.12878418,-0.2,-0.04,2.0,20.0,25.0,6
0.4263528,0.09085002,0.00058419275,0.058870327,2.9711144,0.3,0.086775936,0.0,0.0,0.0,0.09877296,-0.15,-0.04,3.0,20.0,25.0,6
0.47376826,0.097769424,0.0006806177,0.06498102,2.4586232,0.3,-0.3011759,0.0,0.0,0.0,0.06984303,-0.1,-0.04,4.0,20.0,25.0,7
0.52121204,0.11051454,0.0014015997,0.06915591,2.0855865,0.3,-0.2981592,0.0,0.0,0.0,0.031234752,-0.05,0.0,5.0,20.0,25.0,6
4.0628234e-10,0.053369764,0.0023318012,0.05796759,2.3090081,0.3,0.1434436,0.0,0.0,0.0,0.6431629,-0.5,0.72,0.0,20.0,25.0,5
0.047368422,0.0642472,0.0023318012,0.057513025,2.6275222,0.3,0.09835456,0.0,0.0,0.0,0.60081244,-0.45,0.68,1.0,20.0,25.0,5
0.09473685,0.071404085,0.002202671,0.05729551,2.2982523,0.3,0.09517677,0.0,0.0,0.0,0.55874425,-0.4,0.64,2.0,20.0,25.0,5
0.1421053,0.063935,0.0019666753,0.057208348,2.522522,0.3,0.060410965,0.0,0.0,0.0,0.51702714,-0.35,0.6,3.0,20.0,25.0,5
0.18947384,0.058016226,0.0016610826,0.055786714,2.8857663,0.3,0.11618392,0.0,0.0,0.0,0.47575358,-0.3,0.56,4.0,20.0,25.0,5
0.23684265,0.061626185,0.0013278857,0.056640767,2.3544486,0.3,0.13420333,0.0,0.0,0.0,0.43504977,-0.25,0.52,5.0,20.0,25.0,5
0.28421232,0.07656533,0.0010048305,0.053207908,2.8229911,0.3,0.13514249,0.0,0.0,0.0,0.39509183,-0.2,0.48,6.0,20.0,25.0,5
0.33158448,0.06918221,0.0007196455,0.05384882,2.7117703,0.3,0.12648098,0.0,0.0,0.0,0.35613096,-0.15,0.44,7.0,20.0,25.0,3
0.33158532,0.07493818,0.0003959696,0.06544925,2.3029435,0.3,0.1106253,0.0,0.0,0.0,0.32610038,-0.15,0.4,8.0,20.0,25.0,3
0.33158597,0.07544918,0.00021193459,0.055631373,2.0688968,0.3,0.09870619,0.0,0.0,0.0,0.2963189,-0.15,0.36,9.0,20.0,25.0,3
0.33158642,0.08068961,0.00011033084,0.061448805,2.6884375,0.3,0.14227572,0.0,0.0,0.0,0.26686984,-0.15,0.32,10.0,20.0,25.0,3
0.33158657,0.077544846,5.5864202e-05,0.061143637,2.9375079,0.3,0.13620144,0.0,0.0,0.0,0.23787679,-0.15,0.28,11.0,20.0,25.0,3
0.33158642,0.069504,2.7511098e-05,0.06859165,2.1026473,0.3,0.063252464,0.0,0.0,0.0,0.20952909,-0.15,0.24,12.0,20.0,25.0,5
0.3789647,0.07040153,1.622919e-05,0.055095248,2.2737079,0.3,0.111958794,0.0,0.0,0.0,0.1682043,-0.1,0.2,13.0,20.0,25.0,3
0.37896302,0.08357033,7.5603884e-06,0.066198625,2.4459405,0.3,0.07160382,0.0,0.0,0.0,0.13968606,-0.1,0.16,14.0,20.0,25.0,5
0.42634797,0.08799331,4.103382e-06,0.06629211,2.2299752,0.3,0.11238959,0.0,0.0,0.0,0.09877296,-0.05,0.12,15.0,20.0,25.0,5
0.47374526,0.09853885,2.1067465e-06,0.06588082,2.4303164,0.3,-0.2698463,0.0,0.0,0.0,0.062469505,0.0,0.08,16.0,20.0,25.0,3
0.4737332,0.090792686,9.0295964e-07,0.052785575,2.6855698,0.3,-0.25241262,0.0,0.0,0.0,0.031234752,0.0,0.04,17.0,20.0,25.0,3
0.42635924,0.08355602,0.00016277561,0.05787332,2.8651721,0.3,0.09497847,0.0,0.0,0.0,0.30762663,-0.2,-0.36,0.0,20.0,25.0,7
0.47377712,0.090204515,0.00036428752,0.055024426,2.3121834,0.3,-0.34019175,0.0,0.0,0.0,0.26686984,-0.15,-0.32,1.0,20.0,25.0,4
0.47376826,0.097769424,0.0006806177,0.06498102,2.4586232,0.3,-0.3011759,0.0,0.0,0.0,0.23787679,-0.15,-0.28,2.0,20.0,25.0,4
0.4737573,0.104950294,0.0012369624,0.05085619,2.0178053,0.3,-0.33499512,0.0,0.0,0.0,0.20952909,-0.15,-0.24,3.0,20.0,25.0,7
0.5211858,0.09930787,0.0024782321,0.053438764,2.4093144,0.3,-0.3349831,0.0,0.0,0.0,0.1682043,-0.1,-0.2,4.0,20.0,25.0,4
0.52115947,0.09944484,0.004265555,0.06236443,2.1540434,0.3,-0.27625662,0.0,0.0,0.0,0.13968606,-0.1,-0.16,5.0,20.0,25.0,4
0.52113503,0.11514988,0.007155875,0.061191157,2.6033201,0.3,-0.29877782,0.0,0.0,0.0,0.1126185,-0.1,-0.12,6.0,20.0,25.0,7
0.568549,0.11479559,0.012886751,0.053028245,2.1460638,0.3,-0.28753364,0.0,0.0,0.0,0.06984303,-0.05,-0.08,7.0,20.0,25.0,4
0.56851214,0.116671704,0.020649163,0.059801318,2.1635978,0.3,-0.31180602,0.0,0.0,0.0,0.04417261,-0.05,-0.04,8.0,20.0,25.0,7
0.047368422,0.06193096,0.0074814004,0.061528362,2.907506,0.3,0.054341253,0.0,0.0,0.0,0.46956128,-0.05,0.6,0.0,20.0,25.0,3
0.047368422,0.06139811,0.005187396,0.06420957,2.0503378,0.3,0.105022654,0.0,0.0,0.0,0.43840063,-0.05,0.56,1.0,20.0,25.0,3
0.047368422,0.05723097,0.0035178964,0.052798837,2.2505488,0.3,0.13059926,0.0,0.0,0.0,0.40725136,-0.05,0.52,2.0,20.0,25.0,3
0.047368422,0.0642472,0.0023318012,0.057513025,2.6275222,0.3,0.09835456,0.0,0.0,0.0,0.37611622,-0.05,0.48,3.0,20.0,25.0,3
0.047368422,0.056172352,0.0015087415,0.06258888,2.8935215,0.3,0.14629269,0.0,0.0,0.0,0.3449991,-0.05,0.44,4.0,20.0,25.0,3
0.047368426,0.06918316,0.00095166755,0.063576765,2.6306498,0.3,0.07565628,0.0,0.0,0.0,0.3139054,-0.05,0.4,5.0,20.0,25.0,3
0.047368426,0.05168452,0.000584607,0.054660548,2.3216755,0.3,0.10673122,0.0,0.0,0.0,0.28284273,-0.05,0.36,6.0,20.0,25.0,3
0.04736843,0.06090029,0.00034951713,0.062175922,2.7924707,0.3,0.06068769,0.0,0.0,0.0,0.25182262,-0.05,0.32,7.0,20.0,25.0,3
0.04736843,0.053437516,0.0002033017,0.06911152,2.5405078,0.3,0.120904624,0.0,0.0,0.0,0.22086306,-0.05,0.28,8.0,20.0,25.0,3
0.047368433,0.0597998,0.00011502815,0.052600443,2.3158655,0.3,0.10251634,0.0,0.0,0.0,0.18999358,-0.05,0.24,9.0,20.0,25.0,5
0.09473688,0.058801416,9.21059e-05,0.05030471,2.4182272,0.3,0.07748061,0.0,0.0,0.0,0.15617377,0.0,0.2,10.0,20.0,25.0,3
0.09473688,0.0682411,4.9300143e-05,0.052734826,2.7685199,0.3,0.12805255,0.0,0.0,0.0,0.12493901,0.0,0.16,11.0,20.0,25.0,3
0.09473689,0.05709333,2.5665453e-05,0.054263134,2.9842117,0.3,0.073687054,0.0,0.0,0.0,0.09370425,0.0,0.12,12.0,20.0,25.0,3
0.09473689,0.059439894,1.2995322e-05,0.06408355,2.873742,0.3,0.08534214,0.0,0.0,0.0,0.062469505,0.0,0.08,13.0,20.0,25.0,3
0.09473689,0.058172956,6.399731e-06,0.06240715,2.6275375,0.3,0.14000231,0.0,0.0,0.0,0.031234752,0.0,0.04,14.0,20.0,25.0,3
0.28421092,0.07341056,0.012206051,0.05529838,2.677957,0.3,0.08806233,0.0,0.0,0.0,0.22086306,-0.05,0.28,0.0,20.0,25.0,3
0.28421113,0.07167714,0.007666549,0.056851886,2.3253708,0.3,0.13174497,0.0,0.0,0.0,0.18999358,-0.05,0.24,1.0,20.0,25.0,3
0.28421137,0.060674783,0.004760318,0.05444539,2.0301874,0.3,0.06163664,0.0,0.0,0.0,0.1592666,-0.05,0.2,2.0,20.0,25.0,3
0.28421164,0.06358965,0.002902445,0.053648993,2.52198,0.3,0.14305952,0.0,0.0,0.0,0.12878418,-0.05,0.16,3.0,20.0,25.0,3
0.28421196,0.06627488,0.0017296921,0.05517861,2.8407826,0.3,0.07085105,0.0,0.0,0.0,0.09877296,-0.05,0.12,4.0,20.0,25.0,3
0.28421232,0.07656533,0.0010048305,0.053207908,2.8229911,0.3,0.13514249,0.0,0.0,0.0,0.06984303,-0.05,0.08,5.0,20.0,25.0,5
0.33158448,0.06918221,0.0007196455,0.05384882,2.7117703,0.3,0.12648098,0.0,0.0,0.0,0.031234752,0.0,0.04,6.0,20.0,25.0,3
0.47369316,0.1036051,0.042712066,0.073335856,3.0736828,0.3,-0.27149835,0.0,0.0,0.0,0.20952909,0.15,0.24,0.0,20.0,25.0,0
0.42632177,0.09650694,0.02314778,0.07146366,2.7419593,0.3,0.09813441,0.0,0.0,0.0,0.1682043,0.1,0.2,1.0,20.0,25.0,0
0.37895107,0.08728476,0.012052972,0.06642529,2.3335245,0.3,0.07391801,0.0,0.0,0.0,0.12878418,0.05,0.16,2.0,20.0,25.0,0
0.33158106,0.0770072,0.006042476,0.055754565,2.6511278,0.3,0.0646374,0.0,0.0,0.0,0.09370425,0.0,0.12,3.0,20.0,25.0,3
0.3315818,0.082353525,0.0036790036,0.06070406,2.364278,0.3,0.0898663,0.0,0.0,0.0,0.062469505,0.0,0.08,4.0,20.0,25.0,3
0.33158267,0.08228948,0.0021911368,0.0588374,2.593126,0.3,0.10025661,0.0,0.0,0.0,0.031234752,0.0,0.04,5.0,20.0,25.0,3
0.33157998,0.06783249,1.3428033e-08,0.06964757,2.5399854,0.3,0.08046792,0.0,0.0,0.0,0.15617377,0.25,0.0,0.0,20.0,25.0,1
0.28421092,0.078024596,1.06040225e-08,0.051738407,2.708363,0.3,0.05361604,0.0,0.0,0.0,0.12493901,0.2,0.0,1.0,20.0,25.0,1
0.23684226,0.06513269,8.1445135e-09,0.057378273,2.5508573,0.3,0.11900049,0.0,0.0,0.0,0.09370425,0.15,0.0,2.0,20.0,25.0,1
0.18947373,0.05491341,6.084094e-09,0.0533787,2.0578427,0.3,0.06918673,0.0,0.0,0.0,0.062469505,0.1,0.0,3.0,20.0,25.0,1
0.14210528,0.0672896,4.4204143e-09,0.06899042,2.4277732,0.3,0.059571456,0.0,0.0,0.0,0.031234752,0.05,0.0,4.0,20.0,25.0,1
0.66445976,0.15980889,0.0017259923,0.05827416,2.741743,0.3,-0.25153303,0.0,0.0,0.0,0.48790243,0.6,0.4,0.0,20.0,25.0,0
0.61656344,0.13543382,0.0009110745,0.061748426,2.0767539,0.3,-0.25719163,0.0,0.0,0.0,0.44392926,0.55,0.36,1.0,20.0,25.0,0
0.5688458,0.112173855,0.00045493664,0.052561495,2.5498672,0.3,-0.32349536,0.0,0.0,0.0,0.4,0.5,0.32,2.0,20.0,25.0,0
0.52126783,0.10800983,0.0002148949,0.06170007,2.0889409,0.3,-0.28633302,0.0,0.0,0.0,0.35613096,0.45,0.28,3.0,20.0,25.0,0
0.47378486,0.09970298,9.602326e-05,0.053047903,2.2694736,0.3,-0.30456227,0.0,0.0,0.0,0.31234753,0.4,0.24,4.0,20.0,25.0,0
0.42635924,0.08184543,4.0588242e-05,0.0571827,2.6518698,0.3,0.063071035,0.0,0.0,0.0,0.2686915,0.35,0.2,5.0,20.0,25.0,0
0.3789647,0.07040153,1.622919e-05,0.055095248,2.2737079,0.3,0.111958794,0.0,0.0,0.0,0.225237,0.3,0.16,6.0,20.0,25.0,0
0.33158532,0.08283904,6.138554e-06,0.053418674,2.6326525,0.3,0.11409721,0.0,0.0,0.0,0.18212834,0.25,0.12,7.0,20.0,25.0,0
0.28421268,0.07330199,2.196382e-06,0.05567585,2.158616,0.3,0.10538022,0.0,0.0,0.0,0.13968606,0.2,0.08,8.0,20.0,25.0,0
0.23684278,0.06493876,7.4339937e-07,0.06426711,2.7234237,0.3,0.12561633,0.0,0.0,0.0,0.09877296,0.15,0.04,9.0,20.0,25.0,0
0.18947388,0.072436154,2.3801758e-07,0.052412752,2.994909,0.3,0.056942385,0.0,0.0,0.0,0.062469505,0.1,0.0,10.0,20.0,25.0,1
0.14210533,0.055026833,1.7293227e-07,0.055164915,2.9499621,0.3,0.10466974,0.0,0.0,0.0,0.031234752,0.05,0.0,11.0,20.0,25.0,1
0.23684278,0.06493876,7.4339937e-07,0.06426711,2.7234237,0.3,0.12561633,0.0,0.0,0.0,0.22739244,-0.35,-0.08,0.0,20.0,25.0,6
0.28421232,0.06470039,9.678937e-07,0.05255175,2.7527215,0.3,0.14369579,0.0,0.0,0.0,0.19754592,-0.3,-0.08,1.0,20.0,25.0,6
0.33158356,0.07116649,1.2256584e-06,0.06634162,2.9629982,0.3,0.08460997,0.0,0.0,0.0,0.1682043,-0.25,-0.08,2.0,20.0,25.0,6
0.37895873,0.070484236,1.5095497e-06,0.06979943,2.770415,0.3,0.06056647,0.0,0.0,0.0,0.13968606,-0.2,-0.08,3.0,20.0,25.0,7
0.42634797,0.08799331,4.103382e-06,0.06629211,2.2299752,0.3,0.11238959,0.0,0.0,0.0,0.09877296,-0.15,-0.04,4.0,20.0,25.0,7
0.47376826,0.101323426,1.0551372e-05,0.060670804,2.4916472,0.3,-0.3012146,0.0,0.0,0.0,0.062469505,-0.1,0.0,5.0,20.0,25.0,6
0.521236,0.10620953,1.1956271e-05,0.055037774,2.5597084,0.3,-0.30385226,0.0,0.0,0.0,0.031234752,-0.05,0.0,6.0,20.0,25.0,6
0.23684323,0.0630546,3.3883338e-05,0.05895333,2.0763004,0.3,0.07346421,0.0,0.0,0.0,0.34921515,0.25,-0.4,0.0,20.0,25.0,2
0.18947408,0.05750925,4.9989554e-05,0.06599571,2.2246904,0.3,0.11508774,0.0,0.0,0.0,0.30762663,0.2,-0.36,1.0,20.0,25.0,2
0.14210539,0.0654606,6.976636e-05,0.05258806,2.1673827,0.3,0.09043188,0.0,0.0,0.0,0.26686984,0.15,-0.32,2.0,20.0,25.0,2
0.09473688,0.058801416,9.21059e-05,0.05030471,2.4182272,0.3,0.07748061,0.0,0.0,0.0,0.22739244,0.1,-0.28,3.0,20.0,25.0,2
0.047368433,0.0597998,0.00011502815,0.052600443,2.3158655,0.3,0.10251634,0.0,0.0,0.0,0.18999358,0.05,-0.24,4.0,20.0,25.0,2
2.7712348e-09,0.05424798,0.00013589255,0.050547723,2.9259279,0.3,0.050756287,0.0,0.0,0.0,0.15617377,0.0,-0.2,5.0,20.0,25.0,4
2.2239681e-09,0.05666473,0.00023360521,0.057564307,2.1817434,0.3,0.11474747,0.0,0.0,0.0,0.12493901,0.0,-0.16,6.0,20.0,25.0,4
1.7147941e-09,0.061075017,0.00039063787,0.066269666,2.5698984,0.3,0.13980305,0.0,0.0,0.0,0.09370425,0.0,-0.12,7.0,20.0,25.0,4
1.2703507e-09,0.059218787,0.0006355552,0.069840856,2.9186661,0.3,0.074348226,0.0,0.0,0.0,0.062469505,0.0,-0.08,8.0,20.0,25.0,4
9.0419794e-10,0.05640447,0.0010063914,0.053159297,2.0389779,0.3,0.14270346,0.0,0.0,0.0,0.031234752,0.0,-0.04,9.0,20.0,25.0,4
0.6162405,0.13090496,1.208753e-06,0.05904454,2.4982018,0.3,-0.32071778,0.0,0.0,0.0,0.4611756,0.35,-0.52,0.0,20.0,25.0,2
0.56870013,0.13118389,2.6310079e-06,0.06472928,2.8709822,0.3,-0.27253464,0.0,0.0,0.0,0.41905817,0.3,-0.48,1.0,20.0,25.0,2
0.52121204,0.105457775,5.417255e-06,0.060855303,2.702492,0.3,-0.2598238,0.0,0.0,0.0,0.37741095,0.25,-0.44,2.0,20.0,25.0,2
0.47376826,0.101323426,1.0551372e-05,0.060670804,2.4916472,0.3,-0.3012146,0.0,0.0,0.0,0.3364086,0.2,-0.4,3.0,20.0,25.0,2
0.4263567,0.08779092,1.9440666e-05,0.060464226,2.0312314,0.3,0.09260834,0.0,0.0,0.0,0.2963189,0.15,-0.36,4.0,20.0,25.0,2
0.37896577,0.07351645,3.388332e-05,0.06363514,2.997294,0.3,0.11502011,0.0,0.0,0.0,0.25756836,0.1,-0.32,5.0,20.0,25.0,2
0.33158657,0.077544846,5.5864202e-05,0.061143637,2.9375079,0.3,0.13620144,0.0,0.0,0.0,0.22086306,0.05,-0.28,6.0,20.0,25.0,2
0.28421345,0.0725054,8.712742e-05,0.06974337,2.1293056,0.3,0.10156795,0.0,0.0,0.0,0.1874085,0.0,-0.24,7.0,20.0,25.0,4
0.28421327,0.072529875,0.00016736273,0.062140603,2.3359556,0.3,0.1419392,0.0,0.0,0.0,0.15617377,0.0,-0.2,8.0,20.0,25.0,4
0.284213,0.070574775,0.00031269077,0.05479144,2.7450716,0.3,0.099696346,0.0,0.0,0.0,0.12493901,0.0,-0.16,9.0,20.0,25.0,4
0.28421268,0.061665073,0.0005682764,0.05212089,2.1636012,0.3,0.1492158,0.0,0.0,0.0,0.09370425,0.0,-0.12,10.0,20.0,25.0,4
0.28421232,0.07656533,0.0010048305,0.053207908,2.8229911,0.3,0.13514249,0.0,0.0,0.0,0.062469505,0.0,-0.08,11.0,20.0,25.0,4
0.28421196,0.06627488,0.0017296921,0.05517861,2.8407826,0.3,0.07085105,0.0,0.0,0.0,0.031234752,0.0,-0.04,12.0,20.0,25.0,4
0.47368622,0.09762968,0.17297007,0.091891415,3.3453574,0.3,-0.27130967,0.0,0.0,0.0,0.37741095,-0.25,0.44,0.0,20.0,25.0,3
0.47368765,0.10566764,0.1093719,0.074351534,2.5864782,0.3,-0.25446653,0.0,0.0,0.0,0.34921515,-0.25,0.4,1.0,20.0,25.0,3
0.47368985,0.10474428,0.06834671,0.06280178,3.1215844,0.3,-0.26079154,0.0,0.0,0.0,0.32158145,-0.25,0.36,2.0,20.0,25.0,3
0.47369316,0.1036051,0.042712066,0.073335856,3.0736828,0.3,-0.27149835,0.0,0.0,0.0,0.29466808,-0.25,0.32,3.0,20.0,25.0,3
0.47369784,0.10359006,0.02677133,0.056228332,2.8288386,0.3,-0.30405533,0.0,0.0,0.0,0.2686915,-0.25,0.28,4.0,20.0,25.0,3
0.47370413,0.09327467,0.01675054,0.06893773,2.3754153,0.3,-0.31055236,0.0,0.0,0.0,0.24395122,-0.25,0.24,5.0,20.0,25.0,5
0.5211137,0.10590168,0.011729652,0.06398853,2.7481132,0.3,-0.28197724,0.0,0.0,0.0,0.2,-0.2,0.2,6.0,20.0,25.0,5
0.56859374,0.11513273,0.007876414,0.059161518,2.7709715,0.3,-0.2730777,0.0,0.0,0.0,0.15617377,-0.15,0.16,7.0,20.0,25.0,3
0.568645,0.119845904,0.0046988344,0.06253033,2.5498967,0.3,-0.32045552,0.0,0.0,0.0,0.13251783,-0.15,0.12,8.0,20.0,25.0,5
0.6163515,0.13578266,0.002926733,0.0507009,2.2723165,0.3,-0.3127833,0.0,0.0,0.0,0.08834522,-0.1,0.08,9.0,20.0,25.0,5
0.66445976,0.15980889,0.0017259923,0.05827416,2.741743,0.3,-0.25153303,0.0,0.0,0.0,0.04417261,-0.05,0.04,10.0,20.0,25.0,5
0.14210539,0.0704537,0.00013034328,0.05258047,2.9918203,0.3,0.09281996,0.0,0.0,0.0,0.2963189,-0.45,-0.12,0.0,20.0,25.0,6
0.18947402,0.07044724,0.00017940205,0.05166209,2.5378714,0.3,0.08243337,0.0,0.0,0.0,0.26686984,-0.4,-0.12,1.0,20.0,25.0,7
0.23684292,0.07602618,0.00043644762,0.05761115,2.59459,0.3,0.14270009,0.0,0.0,0.0,0.22739244,-0.35,-0.08,2.0,20.0,25.0,6
0.28421268,0.061665073,0.0005682764,0.05212089,2.1636012,0.3,0.1492158,0.0,0.0,0.0,0.19754592,-0.3,-0.08,3.0,20.0,25.0,6
0.33158448,0.06918221,0.0007196455,0.05384882,2.7117703,0.3,0.12648098,0.0,0.0,0.0,0.1682043,-0.25,-0.08,4.0,20.0,25.0,6
0.378961,0.08454388,0.0008863503,0.057110317,2.698114,0.3,0.05581638,0.0,0.0,0.0,0.13968606,-0.2,-0.08,5.0,20.0,25.0,6
0.42634797,0.08148278,0.0010617393,0.05769815,2.1908343,0.3,0.09141298,0.0,0.0,0.0,0.1126185,-0.15,-0.08,6.0,20.0,25.0,7
0.47374526,0.1022182,0.00218734,0.061725896,2.0833836,0.3,-0.31753242,0.0,0.0,0.0,0.06984303,-0.1,-0.04,7.0,20.0,25.0,6
0.5211858,0.09930787,0.0024782321,0.053438764,2.4093144,0.3,-0.3349831,0.0,0.0,0.0,0.04417261,-0.05,-0.04,8.0,20.0,25.0,7
3.8163446e-09,0.05482667,4.231534e-05,0.067327626,2.0396383,0.3,0.05182326,0.0,0.0,0.0,0.30762663,-0.45,-0.16,0.0,20.0,25.0,7
0.047368433,0.0597998,0.00011502815,0.052600443,2.3158655,0.3,0.10251634,0.0,0.0,0.0,0.26686984,-0.4,-0.12,1.0,20.0,25.0,7
0.09473687,0.06252027,0.00029582533,0.06184273,2.7390614,0.3,0.092373826,0.0,0.0,0.0,0.22739244,-0.35,-0.08,2.0,20.0,25.0,6
0.14210534,0.05510134,0.0004186788,0.052839346,2.9448252,0.3,0.119243614,0.0,0.0,0.0,0.19754592,-0.3,-0.08,3.0,20.0,25.0,7
0.18947388,0.07035827,0.0009914784,0.05137028,2.0964441,0.3,0.14941394,0.0,0.0,0.0,0.1592666,-0.25,-0.04,4.0,20.0,25.0,6
0.23684265,0.061626185,0.0013278857,0.056640767,2.3544486,0.3,0.13420333,0.0,0.0,0.0,0.12878418,-0.2,-0.04,5.0,20.0,25.0,6
0.28421196,0.06627488,0.0017296921,0.05517861,2.8407826,0.3,0.07085105,0.0,0.0,0.0,0.09877296,-0.15,-0.04,6.0,20.0,25.0,6
0.33158267,0.08228948,0.0021911368,0.0588374,2.593126,0.3,0.10025661,0.0,0.0,0.0,0.06984303,-0.1,-0.04,7.0,20.0,25.0,7
0.3789544,0.08523012,0.0045333947,0.06998055,2.7031662,0.3,0.11950352,0.0,0.0,0.0,0.031234752,-0.05,0.0,8.0,20.0,25.0,6
0.47374526,0.1022182,0.00218734,0.061725896,2.0833836,0.3,-0.31753242,0.0,0.0,0.0,0.20952909,-0.15,-0.24,0.0,20.0,25.0,7
0.52115947,0.09944484,0.004265555,0.06236443,2.1540434,0.3,-0.27625662,0.0,0.0,0.0,0.1682043,-0.1,-0.2,1.0,20.0,25.0,4
0.52113503,0.11514988,0.007155875,0.061191157,2.6033201,0.3,-0.29877782,0.0,0.0,0.0,0.13968606,-0.1,-0.16,2.0,20.0,25.0,4
0.5211137,0.10590168,0.011729652,0.06398853,2.7481132,0.3,-0.28197724,0.0,0.0,0.0,0.1126185,-0.1,-0.12,3.0,20.0,25.0,7
0.56851214,0.116671704,0.020649163,0.059801318,2.1635978,0.3,-0.31180602,0.0,0.0,0.0,0.06984303,-0.05,-0.08,4.0,20.0,25.0,7
0.6159149,0.13826734,0.03442246,0.06345585,2.5976057,0.3,-0.3259307,0.0,0.0,0.0,0.031234752,0.0,-0.04,5.0,20.0,25.0,4
0.09473685,0.070456326,2.0653815e-08,0.06103814,2.9390678,0.3,0.13191889,0.0,0.0,0.0,0.4938648,-0.65,-0.36,0.0,20.0,25.0,7
0.14210531,0.059878767,7.20889e-08,0.059842337,2.2182543,0.3,0.11070941,0.0,0.0,0.0,0.450474,-0.6,-0.32,1.0,20.0,25.0,7
0.18947388,0.072436154,2.3801758e-07,0.052412752,2.994909,0.3,0.056942385,0.0,0.0,0.0,0.40725136,-0.55,-0.28,2.0,20.0,25.0,7
0.23684278,0.06493876,7.4339937e-07,0.06426711,2.7234237,0.3,0.12561633,0.0,0.0,0.0,0.36425668,-0.5,-0.24,3.0,20.0,25.0,7
0.28421268,0.07330199,2.196382e-06,0.05567585,2.158616,0.3,0.10538022,0.0,0.0,0.0,0.32158145,-0.45,-0.2,4.0,20.0,25.0,6
0.33158448,0.066614635,2.7813114e-06,0.055158474,2.341886,0.3,0.14756101,0.0,0.0,0.0,0.29466808,-0.4,-0.2,5.0,20.0,25.0,7
0.37896302,0.08357033,7.5603884e-06,0.066198625,2.4459405,0.3,0.07160382,0.0,0.0,0.0,0.25182262,-0.35,-0.16,6.0,20.0,25.0,7
0.4263567,0.08779092,1.9440666e-05,0.060464226,2.0312314,0.3,0.09260834,0.0,0.0,0.0,0.20952909,-0.3,-0.12,7.0,20.0,25.0,6
0.47377712,0.09880406,2.264966e-05,0.06788125,2.0643222,0.3,-0.3390264,0.0,0.0,0.0,0.18212834,-0.25,-0.12,8.0,20.0,25.0,6
0.5212553,0.10057751,2.5665428e-05,0.056917768,2.0098991,0.3,-0.28627986,0.0,0.0,0.0,0.15617377,-0.2,-0.12,9.0,20.0,25.0,7
0.5688721,0.11708349,5.9055536e-05,0.05227362,2.8151205,0.3,-0.34016043,0.0,0.0,0.0,0.1126185,-0.15,-0.08,10.0,20.0,25.0,6
0.6166977,0.1268704,6.330237e-05,0.05997685,2.9751096,0.3,-0.26882303,0.0,0.0,0.0,0.08834522,-0.1,-0.08,11.0,20.0,25.0,7
0.6649507,0.148743,0.00013401113,0.06553065,2.9130335,0.3,-0.27235526,0.0,0.0,0.0,0.04417261,-0.05,-0.04,12.0,20.0,25.0,7
0.6163515,0.13578266,0.002926733,0.0507009,2.2723165,0.3,-0.3127833,0.0,0.0,0.0,0.3139054,0.5,-0.04,0.0,20.0,25.0,1
0.56870013,0.12558633,0.0027308222,0.060786385,2.6572318,0.3,-0.253214,0.0,0.0,0.0,0.28284273,0.45,-0.04,1.0,20.0,25.0,1
0.5211858,0.09930787,0.0024782321,0.053438764,2.4093144,0.3,-0.3349831,0.0,0.0,0.0,0.25182262,0.4,-0.04,2.0,20.0,25.0,2
0.4737332,0.10134315,0.0037658808,0.065814056,2.411323,0.3,-0.27626428,0.0,0.0,0.0,0.21864326,0.35,0.0,3.0,20.0,25.0,1
0.42633736,0.09701914,0.0032331503,0.05651253,2.7927625,0.3,0.12336144,0.0,0.0,0.0,0.1874085,0.3,0.0,4.0,20.0,25.0,1
0.3789565,0.07680829,0.0026991575,0.067017265,2.095877,0.3,0.055778056,0.0,0.0,0.0,0.15617377,0.25,0.0,5.0,20.0,25.0,1
0.33158267,0.08228948,0.0021911368,0.0588374,2.593126,0.3,0.10025661,0.0,0.0,0.0,0.12493901,0.2,0.0,6.0,20.0,25.0,1
0.28421196,0.06627488,0.0017296921,0.05517861,2.8407826,0.3,0.07085105,0.0,0.0,0.0,0.09370425,0.15,0.0,7.0,20.0,25.0,1
0.23684265,0.061626185,0.0013278857,0.056640767,2.3544486,0.3,0.13420333,0.0,0.0,0.0,0.062469505,0.1,0.0,8.0,20.0,25.0,1
0.18947388,0.07035827,0.0009914784,0.05137028,2.0964441,0.3,0.14941394,0.0,0.0,0.0,0.031234752,0.05,0.0,9.0,20.0,25.0,1
0.66383076,0.15908661,0.008781812,0.054955833,2.9529417,0.3,-0.3335185,0.0,0.0,0.0,0.15617377,0.2,0.12,0.0,20.0,25.0,0
0.6162405,0.13541977,0.0050343894,0.06402591,2.4877949,0.3,-0.30679232,0.0,0.0,0.0,0.1126185,0.15,0.08,1.0,20.0,25.0,0
0.56870013,0.12558633,0.0027308222,0.060786385,2.6572318,0.3,-0.253214,0.0,0.0,0.0,0.06984303,0.1,0.04,2.0,20.0,25.0,1
0.5211858,0.09930787,0.0024782321,0.053438764,2.4093144,0.3,-0.3349831,0.0,0.0,0.0,0.04417261,0.05,0.04,3.0,20.0,25.0,0
0.047368437,0.07030939,4.3984664e-06,0.06538041,2.076975,0.3,0.09135491,0.0,0.0,0.0,0.23787679,-0.35,0.12,0.0,20.0,25.0,5
0.09473688,0.052570894,3.065298e-06,0.0651032,2.479891,0.3,0.13398613,0.0,0.0,0.0,0.19754592,-0.3,0.08,1.0,20.0,25.0,5
0.14210539,0.059327412,2.020769e-06,0.059852663,2.4175909,0.3,0.109447636,0.0,0.0,0.0,0.1592666,-0.25,0.04,2.0,20.0,25.0,5
0.18947397,0.062492482,1.2601816e-06,0.054126862,2.3962483,0.3,0.056761257,0.0,0.0,0.0,0.12493901,-0.2,0.0,3.0,20.0,25.0,6
0.23684292,0.061032698,1.6869507e-06,0.06790439,2.4958842,0.3,0.08475715,0.0,0.0,0.0,0.09370425,-0.15,0.0,4.0,20.0,25.0,6
0.28421268,0.07330199,2.196382e-06,0.05567585,2.158616,0.3,0.10538022,0.0,0.0,0.0,0.062469505,-0.1,0.0,5.0,20.0,25.0,6
0.33158448,0.066614635,2.7813114e-06,0.055158474,2.341886,0.3,0.14756101,0.0,0.0,0.0,0.031234752,-0.05,0.0,6.0,20.0,25.0,6
0.14210534,0.069971524,4.0347814e-07,0.059182774,2.7863472,0.3,0.07319471,0.0,0.0,0.0,0.61999214,-0.65,-0.6,0.0,20.0,25.0,7
0.18947397,0.062492482,1.2601816e-06,0.054126862,2.3962483,0.3,0.056761257,0.0,0.0,0.0,0.5759404,-0.6,-0.56,1.0,20.0,25.0,7
0.23684303,0.05898785,3.7232212e-06,0.060234107,2.081065,0.3,0.11649117,0.0,0.0,0.0,0.5319087,-0.55,-0.52,2.0,20.0,25.0,7
0.28421327,0.06461203,1.0405838e-05,0.06291991,2.8718956,0.3,0.08969815,0.0,0.0,0.0,0.48790243,-0.5,-0.48,3.0,20.0,25.0,7
0.33158642,0.069504,2.7511098e-05,0.06859165,2.1026473,0.3,0.063252464,0.0,0.0,0.0,0.44392926,-0.45,-0.44,4.0,20.0,25.0,7
0.37896612,0.08127497,6.8803674e-05,0.06521488,2.4265254,0.3,0.06520248,0.0,0.0,0.0,0.4,-0.4,-0.4,5.0,20.0,25.0,7
0.42635924,0.08355602,0.00016277561,0.05787332,2.8651721,0.3,0.09497847,0.0,0.0,0.0,0.35613096,-0.35,-0.36,6.0,20.0,25.0,7
0.47377712,0.090204515,0.00036428752,0.055024426,2.3121834,0.3,-0.34019175,0.0,0.0,0.0,0.31234753,-0.3,-0.32,7.0,20.0,25.0,4
0.47376826,0.097769424,0.0006806177,0.06498102,2.4586232,0.3,-0.3011759,0.0,0.0,0.0,0.2879702,-0.3,-0.28,8.0,20.0,25.0,7
0.52121204,0.11051454,0.0014015997,0.06915591,2.0855865,0.3,-0.2981592,0.0,0.0,0.0,0.24395122,-0.25,-0.24,9.0,20.0,25.0,4
0.5211858,0.09930787,0.0024782321,0.053438764,2.4093144,0.3,-0.3349831,0.0,0.0,0.0,0.22086306,-0.25,-0.2,10.0,20.0,25.0,7
0.568645,0.119845904,0.0046988344,0.06253033,2.5498967,0.3,-0.32045552,0.0,0.0,0.0,0.17669044,-0.2,-0.16,11.0,20.0,25.0,7
0.61613727,0.12941438,0.008432296,0.054825563,2.910434,0.3,-0.3060595,0.0,0.0,0.0,0.13251783,-0.15,-0.12,12.0,20.0,25.0,7
0.66365635,0.14489542,0.014320056,0.06938372,2.2512834,0.3,-0.33682713,0.0,0.0,0.0,0.08834522,-0.1,-0.08,13.0,20.0,25.0,7
0.7111859,0.1628133,0.023002502,0.066812076,2.4520156,0.6,-0.2944915,0.0,0.0,0.0,0.04417261,-0.05,-0.04,14.0,20.0,25.0,7
0.047368422,0.05469384,0.010546346,0.06702832,2.074001,0.3,0.113315135,0.0,0.0,0.0,0.5967391,-0.65,0.56,0.0,20.0,25.0,5
0.094736844,0.06797558,0.011292956,0.06413568,2.0743387,0.3,0.1362797,0.0,0.0,0.0,0.5525992,-0.6,0.52,1.0,20.0,25.0,5
0.14210527,0.06126027,0.011292956,0.055140343,2.242903,0.3,0.057941936,0.0,0.0,0.0,0.50846493,-0.55,0.48,2.0,20.0,25.0,5
0.18947372,0.07220665,0.010546346,0.055768937,3.0083833,0.3,0.056014236,0.0,0.0,0.0,0.46433797,-0.5,0.44,3.0,20.0,25.0,5
0.23684226,0.05732828,0.009246605,0.069197536,2.924863,0.3,0.12552704,0.0,0.0,0.0,0.4202206,-0.45,0.4,4.0,20.0,25.0,5
0.28421113,0.07167714,0.007666549,0.056851886,2.3253708,0.3,0.13174497,0.0,0.0,0.0,0.37611622,-0.4,0.36,5.0,20.0,25.0,5
0.33158106,0.0770072,0.006042476,0.055754565,2.6511278,0.3,0.0646374,0.0,0.0,0.0,0.33202997,-0.35,0.32,6.0,20.0,25.0,5
0.3789544,0.08523012,0.0045333947,0.06998055,2.7031662,0.3,0.11950352,0.0,0.0,0.0,0.2879702,-0.3,0.28,7.0,20.0,25.0,5
0.42633736,0.09701914,0.0032331503,0.05651253,2.7927625,0.3,0.12336144,0.0,0.0,0.0,0.24395122,-0.25,0.24,8.0,20.0,25.0,5
0.47374526,0.1022182,0.00218734,0.061725896,2.0833836,0.3,-0.31753242,0.0,0.0,0.0,0.2,-0.2,0.2,9.0,20.0,25.0,5
0.52121204,0.11051454,0.0014015997,0.06915591,2.0855865,0.3,-0.2981592,0.0,0.0,0.0,0.15617377,-0.15,0.16,10.0,20.0,25.0,5
0.5688054,0.13091981,0.0008499648,0.068544336,2.8215475,0.3,-0.34790552,0.0,0.0,0.0,0.1126185,-0.1,0.12,11.0,20.0,25.0,5
0.61664486,0.1400235,0.00048765037,0.057321027,2.6826665,0.3,-0.31617326,0.0,0.0,0.0,0.06984303,-0.05,0.08,12.0,20.0,25.0,5
0.6649152,0.15384537,0.0002646689,0.05910548,2.2119856,0.3,-0.2843838,0.0,0.0,0.0,0.031234752,0.0,0.04,13.0,20.0,25.0,3
0.71331,0.17100954,0.0009631013,0.052133292,2.9746366,0.6,-0.27735382,0.0,0.0,0.0,0.6,0.75,0.48,0.0,20.0,25.0,0
0.66481286,0.15014465,0.0005083967,0.060564063,2.6255085,0.3,-0.33225712,0.0,0.0,0.0,0.55611897,0.7,0.44,1.0,20.0,25.0,0
0.6166977,0.14305955,0.00025386782,0.068335,2.2008119,0.3,-0.33719042,0.0,0.0,0.0,0.51228803,0.65,0.4,2.0,20.0,25.0,0
0.5688812,0.12044627,0.000119918484,0.069714814,2.0807145,0.3,-0.28396973,0.0,0.0,0.0,0.4685213,0.6,0.36,3.0,20.0,25.0,0
0.52126783,0.110263474,5.35843e-05,0.053639993,2.3267293,0.3,-0.28406462,0.0,0.0,0.0,0.42483857,0.55,0.32,4.0,20.0,25.0,0
0.47377712,0.09880406,2.264966e-05,0.06788125,2.0643222,0.3,-0.3390264,0.0,0.0,0.0,0.38126874,0.5,0.28,5.0,20.0,25.0,0
0.4263528,0.08947865,9.056458e-06,0.0633053,2.21315,0.3,0.102704145,0.0,0.0,0.0,0.33785552,0.45,0.24,6.0,20.0,25.0,0
0.378961,0.07232972,3.425529e-06,0.05644759,2.6833124,0.3,0.114082634,0.0,0.0,0.0,0.29466808,0.4,0.2,7.0,20.0,25.0,0
0.33158356,0.07116649,1.2256584e-06,0.06634162,2.9629982,0.3,0.08460997,0.0,0.0,0.0,0.25182262,0.35,0.16,8.0,20.0,25.0,0
0.28421196,0.07957229,4.1484296e-07,0.058633253,2.6186135,0.3,0.058764275,0.0,0.0,0.0,0.20952909,0.3,0.12,9.0,20.0,25.0,0
0.23684253,0.05672958,1.3282217e-07,0.050733685,2.3726892,0.3,0.059667643,0.0,0.0,0.0,0.1682043,0.25,0.08,10.0,20.0,25.0,0
0.1894738,0.060571946,4.022814e-08,0.053540215,2.8837862,0.3,0.07266564,0.0,0.0,0.0,0.12878418,0.2,0.04,11.0,20.0,25.0,1
0.1421053,0.054190345,2.9227857e-08,0.06853176,2.6796474,0.3,0.11419715,0.0,0.0,0.0,0.09877296,0.15,0.04,12.0,20.0,25.0,0
0.09473685,0.067169,8.1445135e-09,0.06704363,2.528937,0.3,0.110161185,0.0,0.0,0.0,0.062469505,0.1,0.0,13.0,20.0,25.0,1
0.047368422,0.05499023,5.5976366e-09,0.05829639,2.8620427,0.3,0.07848729,0.0,0.0,0.0,0.031234752,0.05,0.0,14.0,20.0,25.0,1
0.7125477,0.17580734,0.0030932007,0.06490932,2.2515166,0.6,-0.3400822,0.0,0.0,0.0,0.5525992,0.65,0.48,0.0,20.0,25.0,0
0.66445976,0.15980889,0.0017259923,0.05827416,2.741743,0.3,-0.25153303,0.0,0.0,0.0,0.50846493,0.6,0.44,1.0,20.0,25.0,0
0.61656344,0.13543382,0.0009110745,0.061748426,2.0767539,0.3,-0.25719163,0.0,0.0,0.0,0.46433797,0.55,0.4,2.0,20.0,25.0,0
0.5688458,0.112173855,0.00045493664,0.052561495,2.5498672,0.3,-0.32349536,0.0,0.0,0.0,0.4202206,0.5,0.36,3.0,20.0,25.0,0
0.52126783,0.10800983,0.0002148949,0.06170007,2.0889409,0.3,-0.28633302,0.0,0.0,0.0,0.37611622,0.45,0.32,4.0,20.0,25.0,0
0.47378486,0.09970298,9.602326e-05,0.053047903,2.2694736,0.3,-0.30456227,0.0,0.0,0.0,0.33202997,0.4,0.28,5.0,20.0,25.0,0
0.42635924,0.08184543,4.0588242e-05,0.0571827,2.6518698,0.3,0.063071035,0.0,0.0,0.0,0.2879702,0.35,0.24,6.0,20.0,25.0,0
0.3789647,0.07040153,1.622919e-05,0.055095248,2.2737079,0.3,0.111958794,0.0,0.0,0.0,0.24395122,0.3,0.2,7.0,20.0,25.0,0
0.33158532,0.08283904,6.138554e-06,0.053418674,2.6326525,0.3,0.11409721,0.0,0.0,0.0,0.2,0.25,0.16,8.0,20.0,25.0,0
0.28421268,0.07330199,2.196382e-06,0.05567585,2.158616,0.3,0.10538022,0.0,0.0,0.0,0.15617377,0.2,0.12,9.0,20.0,25.0,0
0.23684278,0.06493876,7.4339937e-07,0.06426711,2.7234237,0.3,0.12561633,0.0,0.0,0.0,0.1126185,0.15,0.08,10.0,20.0,25.0,0
0.18947388,0.072436154,2.3801758e-07,0.052412752,2.994909,0.3,0.056942385,0.0,0.0,0.0,0.06984303,0.1,0.04,11.0,20.0,25.0,0
0.14210531,0.059878767,7.20889e-08,0.059842337,2.2182543,0.3,0.11070941,0.0,0.0,0.0,0.031234752,0.05,0.0,12.0,20.0,25.0,1
0.18947393,0.05927067,5.5533235e-07,0.059215657,2.173898,0.3,0.10190598,0.0,0.0,0.0,0.24395122,-0.3,-0.2,0.0,20.0,25.0,7
0.23684292,0.061032698,1.6869507e-06,0.06790439,2.4958842,0.3,0.08475715,0.0,0.0,0.0,0.2,-0.25,-0.16,1.0,20.0,25.0,7
0.284213,0.075091675,4.8475727e-06,0.057262372,2.880895,0.3,0.08055243,0.0,0.0,0.0,0.15617377,-0.2,-0.12,2.0,20.0,25.0,7
0.33158597,0.081891954,1.3177069e-05,0.06337484,2.932094,0.3,0.13224806,0.0,0.0,0.0,0.1126185,-0.15,-0.08,3.0,20.0,25.0,7
0.37896577,0.07351645,3.388332e-05,0.06363514,2.997294,0.3,0.11502011,0.0,0.0,0.0,0.06984303,-0.1,-0.04,4.0,20.0,25.0,6
0.42635924,0.08184543,4.0588242e-05,0.0571827,2.6518698,0.3,0.063071035,0.0,0.0,0.0,0.04417261,-0.05,-0.04,5.0,20.0,25.0,7
0.5688812,0.12044627,0.000119918484,0.069714814,2.0807145,0.3,-0.28396973,0.0,0.0,0.0,0.24395122,0.25,-0.24,0.0,20.0,25.0,2
0.52126783,0.10800983,0.0002148949,0.06170007,2.0889409,0.3,-0.28633302,0.0,0.0,0.0,0.2,0.2,-0.2,1.0,20.0,25.0,2
0.47377712,0.090204515,0.00036428752,0.055024426,2.3121834,0.3,-0.34019175,0.0,0.0,0.0,0.15617377,0.15,-0.16,2.0,20.0,25.0,2
0.4263528,0.09085002,0.00058419275,0.058870327,2.9711144,0.3,0.086775936,0.0,0.0,0.0,0.1126185,0.1,-0.12,3.0,20.0,25.0,2
0.378961,0.08454388,0.0008863503,0.057110317,2.698114,0.3,0.05581638,0.0,0.0,0.0,0.06984303,0.05,-0.08,4.0,20.0,25.0,2
0.33158356,0.06620722,0.001272592,0.056664474,2.0737135,0.3,0.067483865,0.0,0.0,0.0,0.031234752,0.0,-0.04,5.0,20.0,25.0,4
0.7595497,0.18021566,2.1298749e-07,0.05362874,2.0366726,0.6,-0.27390093,0.0,0.0,0.0,0.55874425,0.4,-0.64,0.0,20.0,25.0,2
0.7117771,0.17228661,5.3266893e-07,0.050542,2.359236,0.6,-0.32024515,0.0,0.0,0.0,0.51702714,0.35,-0.6,1.0,20.0,25.0,2
0.66403055,0.14239098,1.2601816e-06,0.054102983,2.4866753,0.3,-0.25810733,0.0,0.0,0.0,0.47575358,0.3,-0.56,2.0,20.0,25.0,2
0.6163515,0.1330698,2.8202103e-06,0.05449252,2.5553777,0.3,-0.25200295,0.0,0.0,0.0,0.43504977,0.25,-0.52,3.0,20.0,25.0,2
0.5687552,0.12199285,5.9703852e-06,0.068688236,2.7141168,0.3,-0.28386295,0.0,0.0,0.0,0.39509183,0.2,-0.48,4.0,20.0,25.0,2
0.521236,0.10620953,1.1956271e-05,0.055037774,2.5597084,0.3,-0.30385226,0.0,0.0,0.0,0.35613096,0.15,-0.44,5.0,20.0,25.0,2
0.47377712,0.09880406,2.264966e-05,0.06788125,2.0643222,0.3,-0.3390264,0.0,0.0,0.0,0.3185332,0.1,-0.4,6.0,20.0,25.0,2
0.42635924,0.08184543,4.0588242e-05,0.0571827,2.6518698,0.3,0.063071035,0.0,0.0,0.0,0.28284273,0.05,-0.36,7.0,20.0,25.0,2
0.37896612,0.08127497,6.8803674e-05,0.06521488,2.4265254,0.3,0.06520248,0.0,0.0,0.0,0.24987802,0.0,-0.32,8.0,20.0,25.0,4
0.37896577,0.0841382,0.00013588612,0.061933156,2.4520664,0.3,0.05613496,0.0,0.0,0.0,0.21864326,0.0,-0.28,9.0,20.0,25.0,2
0.33158597,0.07544918,0.00021193459,0.055631373,2.0688968,0.3,0.09870619,0.0,0.0,0.0,0.18999358,-0.05,-0.24,10.0,20.0,25.0,4
0.33158532,0.07493818,0.0003959696,0.06544925,2.3029435,0.3,0.1106253,0.0,0.0,0.0,0.1592666,-0.05,-0.2,11.0,20.0,25.0,7
0.378961,0.08454388,0.0008863503,0.057110317,2.698114,0.3,0.05581638,0.0,0.0,0.0,0.12493901,0.0,-0.16,12.0,20.0,25.0,4
0.37895873,0.07504527,0.0015674544,0.0688257,2.228607,0.3,0.14948663,0.0,0.0,0.0,0.09370425,0.0,-0.12,13.0,20.0,25.0,4
0.3789565,0.07680829,0.0026991575,0.067017265,2.095877,0.3,0.055778056,0.0,0.0,0.0,0.062469505,0.0,-0.08,14.0,20.0,25.0,4
0.3789544,0.08523012,0.0045333947,0.06998055,2.7031662,0.3,0.11950352,0.0,0.0,0.0,0.031234752,0.0,-0.04,15.0,20.0,25.0,4
0.047368426,0.06918316,0.00095166755,0.063576765,2.6306498,0.3,0.07565628,0.0,0.0,0.0,0.24395122,-0.25,0.24,0.0,20.0,25.0,5
0.09473686,0.06771029,0.0008511169,0.058877166,2.1147296,0.3,0.05955353,0.0,0.0,0.0,0.2,-0.2,0.2,1.0,20.0,25.0,5
0.14210533,0.06697435,0.000720057,0.0629255,2.6532469,0.3,0.1491256,0.0,0.0,0.0,0.15617377,-0.15,0.16,2.0,20.0,25.0,5
0.18947393,0.071714036,0.00057633757,0.0685039,2.582968,0.3,0.116948694,0.0,0.0,0.0,0.1126185,-0.1,0.12,3.0,20.0,25.0,5
0.23684292,0.07602618,0.00043644762,0.05761115,2.59459,0.3,0.14270009,0.0,0.0,0.0,0.06984303,-0.05,0.08,4.0,20.0,25.0,5
0.284213,0.070574775,0.00031269077,0.05479144,2.7450716,0.3,0.099696346,0.0,0.0,0.0,0.031234752,0.0,0.04,5.0,20.0,25.0,3
0.3789526,0.073532864,1.0935142e-07,0.056732103,2.022124,0.3,0.081181616,0.0,0.0,0.0,0.56568545,-0.1,-0.72,0.0,20.0,25.0,4
0.3789544,0.08827138,2.6970923e-07,0.052688334,2.3236115,0.3,0.10061418,0.0,0.0,0.0,0.5346528,-0.1,-0.68,1.0,20.0,25.0,4
0.3789565,0.08242887,6.4699884e-07,0.051267598,2.4886465,0.3,0.093951166,0.0,0.0,0.0,0.50364524,-0.1,-0.64,2.0,20.0,25.0,7
0.42634267,0.0938368,1.8082635e-06,0.053285588,2.8941083,0.3,0.08062536,0.0,0.0,0.0,0.46956128,-0.05,-0.6,3.0,20.0,25.0,7
0.4737573,0.10612593,4.7807107e-06,0.062402174,2.2005486,0.3,-0.25404233,0.0,0.0,0.0,0.43728653,0.0,-0.56,4.0,20.0,25.0,4
0.47376826,0.101323426,1.0551372e-05,0.060670804,2.4916472,0.3,-0.3012146,0.0,0.0,0.0,0.40605178,0.0,-0.52,5.0,20.0,25.0,4
0.47377712,0.09880406,2.264966e-05,0.06788125,2.0643222,0.3,-0.3390264,0.0,0.0,0.0,0.374817,0.0,-0.48,6.0,20.0,25.0,4
0.47378287,0.089346364,4.728798e-05,0.06577904,2.582208,0.3,-0.29520404,0.0,0.0,0.0,0.34358227,0.0,-0.44,7.0,20.0,25.0,4
0.47378486,0.09970298,9.602326e-05,0.053047903,2.2694736,0.3,-0.30456227,0.0,0.0,0.0,0.31234753,0.0,-0.4,8.0,20.0,25.0,4
0.47378287,0.10720391,0.00018964424,0.056262888,2.7985072,0.3,-0.2655643,0.0,0.0,0.0,0.28111276,0.0,-0.36,9.0,20.0,25.0,4
0.47377712,0.090204515,0.00036428752,0.055024426,2.3121834,0.3,-0.34019175,0.0,0.0,0.0,0.24987802,0.0,-0.32,10.0,20.0,25.0,4
0.47376826,0.097769424,0.0006806177,0.06498102,2.4586232,0.3,-0.3011759,0.0,0.0,0.0,0.21864326,0.0,-0.28,11.0,20.0,25.0,4
0.4737573,0.104950294,0.0012369624,0.05085619,2.0178053,0.3,-0.33499512,0.0,0.0,0.0,0.1874085,0.0,-0.24,12.0,20.0,25.0,2
0.42634267,0.09674974,0.001877602,0.059535235,2.8780112,0.3,0.13275379,0.0,0.0,0.0,0.1592666,-0.05,-0.2,13.0,20.0,25.0,4
0.42633736,0.09701914,0.0032331503,0.05651253,2.7927625,0.3,0.12336144,0.0,0.0,0.0,0.12878418,-0.05,-0.16,14.0,20.0,25.0,7
0.47372198,0.101452515,0.0063219466,0.068483606,2.5115485,0.3,-0.30239818,0.0,0.0,0.0,0.09370425,0.0,-0.12,15.0,20.0,25.0,4
0.4737122,0.09459265,0.010379089,0.0583985,2.651916,0.3,-0.31241116,0.0,0.0,0.0,0.062469505,0.0,-0.08,16.0,20.0,25.0,4
0.47370413,0.09327467,0.01675054,0.06893773,2.3754153,0.3,-0.31055236,0.0,0.0,0.0,0.031234752,0.0,-0.04,17.0,20.0,25.0,4
0.47369316,0.1036051,0.042712066,0.073335856,3.0736828,0.3,-0.27149835,0.0,0.0,0.0,0.19754592,0.1,0.24,0.0,20.0,25.0,3
0.47369784,0.10359006,0.02677133,0.056228332,2.8288386,0.3,-0.30405533,0.0,0.0,0.0,0.1682043,0.1,0.2,1.0,20.0,25.0,0
0.42632455,0.0782497,0.014430083,0.056808766,2.8331745,0.3,0.0916154,0.0,0.0,0.0,0.12878418,0.05,0.16,2.0,20.0,25.0,3
0.42632812,0.08534374,0.008923284,0.0613929,2.8893998,0.3,0.051103126,0.0,0.0,0.0,0.09877296,0.05,0.12,3.0,20.0,25.0,0
0.3789544,0.08523012,0.0045333947,0.06998055,2.7031662,0.3,0.11950352,0.0,0.0,0.0,0.062469505,0.0,0.08,4.0,20.0,25.0,3
0.3789565,0.07680829,0.0026991575,0.067017265,2.095877,0.3,0.055778056,0.0,0.0,0.0,0.031234752,0.0,0.04,5.0,20.0,25.0,3
0.4737122,0.104425564,1.526122e-07,0.06255418,2.1173089,0.3,-0.34878793,0.0,0.0,0.0,0.41672358,0.15,-0.52,0.0,20.0,25.0,2
0.4263324,0.0957815,3.2308003e-07,0.054032594,2.9839792,0.3,0.13139702,0.0,0.0,0.0,0.37998715,0.1,-0.48,1.0,20.0,25.0,2
0.3789565,0.08242887,6.4699884e-07,0.051267598,2.4886465,0.3,0.093951166,0.0,0.0,0.0,0.3449991,0.05,-0.44,2.0,20.0,25.0,2
0.33158356,0.07116649,1.2256584e-06,0.06634162,2.9629982,0.3,0.08460997,0.0,0.0,0.0,0.31234753,0.0,-0.4,3.0,20.0,25.0,4
0.33158448,0.066614635,2.7813114e-06,0.055158474,2.341886,0.3,0.14756101,0.0,0.0,0.0,0.28111276,0.0,-0.36,4.0,20.0,25.0,2
0.284213,0.075091675,4.8475727e-06,0.057262372,2.880895,0.3,0.08055243,0.0,0.0,0.0,0.25182262,-0.05,-0.32,5.0,20.0,25.0,4
0.28421327,0.06461203,1.0405838e-05,0.06291991,2.8718956,0.3,0.08969815,0.0,0.0,0.0,0.22086306,-0.05,-0.28,6.0,20.0,25.0,4
0.28421345,0.0744236,2.1725318e-05,0.061418824,2.029356,0.3,0.09472025,0.0,0.0,0.0,0.18999358,-0.05,-0.24,7.0,20.0,25.0,4
0.2842135,0.06721494,4.4115557e-05,0.057128552,2.8260374,0.3,0.11005943,0.0,0.0,0.0,0.1592666,-0.05,-0.2,8.0,20.0,25.0,4
0.28421345,0.0725054,8.712742e-05,0.06974337,2.1293056,0.3,0.10156795,0.0,0.0,0.0,0.12878418,-0.05,-0.16,9.0,20.0,25.0,7
0.33158597,0.07544918,0.00021193459,0.055631373,2.0688968,0.3,0.09870619,0.0,0.0,0.0,0.09370425,0.0,-0.12,10.0,20.0,25.0,4
0.33158532,0.07493818,0.0003959696,0.06544925,2.3029435,0.3,0.1106253,0.0,0.0,0.0,0.062469505,0.0,-0.08,11.0,20.0,25.0,4
0.33158448,0.06918221,0.0007196455,0.05384882,2.7117703,0.3,0.12648098,0.0,0.0,0.0,0.031234752,0.0,-0.04,12.0,20.0,25.0,4
0.52107215,0.114097744,0.047359377,0.075746275,2.4042795,0.3,-0.27836767,0.0,0.0,0.0,0.26686984,0.15,0.32,0.0,20.0,25.0,3
0.52108234,0.109142736,0.029974062,0.07193859,2.3500206,0.3,-0.3415208,0.0,0.0,0.0,0.23787679,0.15,0.28,1.0,20.0,25.0,0
0.47370413,0.09327467,0.01675054,0.06893773,2.3754153,0.3,-0.31055236,0.0,0.0,0.0,0.19754592,0.1,0.24,2.0,20.0,25.0,3
0.4737122,0.09459265,0.010379089,0.0583985,2.651916,0.3,-0.31241116,0.0,0.0,0.0,0.1682043,0.1,0.2,3.0,20.0,25.0,0
0.4263324,0.09623786,0.0054299217,0.06576668,2.7980714,0.3,0.12693049,0.0,0.0,0.0,0.12878418,0.05,0.16,4.0,20.0,25.0,0
0.3789565,0.07680829,0.0026991575,0.067017265,2.095877,0.3,0.055778056,0.0,0.0,0.0,0.09370425,0.0,0.12,5.0,20.0,25.0,3
0.37895873,0.07504527,0.0015674544,0.0688257,2.228607,0.3,0.14948663,0.0,0.0,0.0,0.062469505,0.0,0.08,6.0,20.0,25.0,3
0.378961,0.08454388,0.0008863503,0.057110317,2.698114,0.3,0.05581638,0.0,0.0,0.0,0.031234752,0.0,0.04,7.0,20.0,25.0,3
0.09473685,0.070456326,2.0653815e-08,0.06103814,2.9390678,0.3,0.13191889,0.0,0.0,0.0,0.2963189,-0.45,-0.12,0.0,20.0,25.0,7
0.14210531,0.059878767,7.20889e-08,0.059842337,2.2182543,0.3,0.11070941,0.0,0.0,0.0,0.25756836,-0.4,-0.08,1.0,20.0,25.0,7
0.18947388,0.072436154,2.3801758e-07,0.052412752,2.994909,0.3,0.056942385,0.0,0.0,0.0,0.22086306,-0.35,-0.04,2.0,20.0,25.0,6
0.23684265,0.06680549,3.1862382e-07,0.055048786,2.2597554,0.3,0.095037095,0.0,0.0,0.0,0.18999358,-0.3,-0.04,3.0,20.0,25.0,6
0.28421196,0.07957229,4.1484296e-07,0.058633253,2.6186135,0.3,0.058764275,0.0,0.0,0.0,0.1592666,-0.25,-0.04,4.0,20.0,25.0,6
0.33158267,0.067095585,5.2532187e-07,0.06731022,2.5412693,0.3,0.11949511,0.0,0.0,0.0,0.12878418,-0.2,-0.04,5.0,20.0,25.0,7
0.37895873,0.070484236,1.5095497e-06,0.06979943,2.770415,0.3,0.06056647,0.0,0.0,0.0,0.09370425,-0.15,0.0,6.0,20.0,25.0,6
0.42634267,0.0938368,1.8082635e-06,0.053285588,2.8941083,0.3,0.08062536,0.0,0.0,0.0,0.062469505,-0.1,0.0,7.0,20.0,25.0,6
0.47374526,0.09853885,2.1067465e-06,0.06588082,2.4303164,0.3,-0.2698463,0.0,0.0,0.0,0.031234752,-0.05,0.0,8.0,20.0,25.0,6
0.76384705,0.17649688,0.0001340111,0.061826,2.2065113,0.6,-0.3194396,0.0,0.0,0.0,0.33202997,0.4,-0.28,0.0,20.0,25.0,2
0.71379304,0.16163793,0.00026837035,0.063095175,2.774815,0.6,-0.34906682,0.0,0.0,0.0,0.2879702,0.35,-0.24,1.0,20.0,25.0,2
0.66481286,0.15014465,0.0005083967,0.060564063,2.6255085,0.3,-0.33225712,0.0,0.0,0.0,0.24395122,0.3,-0.2,2.0,20.0,25.0,2
0.61656344,0.13543382,0.0009110745,0.061748426,2.0767539,0.3,-0.25719163,0.0,0.0,0.0,0.2,0.25,-0.16,3.0,20.0,25.0,2
0.5687552,0.12838645,0.0015446299,0.06762962,2.4600415,0.3,-0.34178284,0.0,0.0,0.0,0.15617377,0.2,-0.12,4.0,20.0,25.0,2
0.5211858,0.09930787,0.0024782321,0.053438764,2.4093144,0.3,-0.3349831,0.0,0.0,0.0,0.1126185,0.15,-0.08,5.0,20.0,25.0,2
0.4737332,0.10134315,0.0037658808,0.065814056,2.411323,0.3,-0.27626428,0.0,0.0,0.0,0.06984303,0.1,-0.04,6.0,20.0,25.0,2
0.4263324,0.09623786,0.0054299217,0.06576668,2.7980714,0.3,0.12693049,0.0,0.0,0.0,0.031234752,0.05,0.0,7.0,20.0,25.0,1
0.4737122,0.104425564,1.526122e-07,0.06255418,2.1173089,0.3,-0.34878793,0.0,0.0,0.0,0.35613096,0.15,-0.44,0.0,20.0,25.0,2
0.4263324,0.0957815,3.2308003e-07,0.054032594,2.9839792,0.3,0.13139702,0.0,0.0,0.0,0.3185332,0.1,-0.4,1.0,20.0,25.0,2
0.3789565,0.08242887,6.4699884e-07,0.051267598,2.4886465,0.3,0.093951166,0.0,0.0,0.0,0.28284273,0.05,-0.36,2.0,20.0,25.0,2
0.33158356,0.07116649,1.2256584e-06,0.06634162,2.9629982,0.3,0.08460997,0.0,0.0,0.0,0.24987802,0.0,-0.32,3.0,20.0,25.0,2
0.28421268,0.07330199,2.196382e-06,0.05567585,2.158616,0.3,0.10538022,0.0,0.0,0.0,0.22086306,-0.05,-0.28,4.0,20.0,25.0,4
0.284213,0.075091675,4.8475727e-06,0.057262372,2.880895,0.3,0.08055243,0.0,0.0,0.0,0.18999358,-0.05,-0.24,5.0,20.0,25.0,4
0.28421327,0.06461203,1.0405838e-05,0.06291991,2.8718956,0.3,0.08969815,0.0,0.0,0.0,0.1592666,-0.05,-0.2,6.0,20.0,25.0,4
0.28421345,0.0744236,2.1725318e-05,0.061418824,2.029356,0.3,0.09472025,0.0,0.0,0.0,0.12878418,-0.05,-0.16,7.0,20.0,25.0,7
0.33158657,0.077544846,5.5864202e-05,0.061143637,2.9375079,0.3,0.13620144,0.0,0.0,0.0,0.09370425,0.0,-0.12,8.0,20.0,25.0,4
0.33158642,0.08068961,0.00011033084,0.061448805,2.6884375,0.3,0.14227572,0.0,0.0,0.0,0.062469505,0.0,-0.08,9.0,20.0,25.0,4
0.33158597,0.07544918,0.00021193459,0.055631373,2.0688968,0.3,0.09870619,0.0,0.0,0.0,0.031234752,0.0,-0.04,10.0,20.0,25.0,4
0.7125477,0.15836054,2.9813225e-06,0.054621942,2.1635387,0.6,-0.28111148,0.0,0.0,0.0,0.537383,0.7,-0.4,0.0,20.0,25.0,2
0.66445976,0.14150983,6.6720195e-06,0.050731994,2.9007351,0.3,-0.2744958,0.0,0.0,0.0,0.4938648,0.65,-0.36,1.0,20.0,25.0,2
0.61656344,0.12623821,1.4124665e-05,0.05281926,2.2285254,0.3,-0.29175773,0.0,0.0,0.0,0.450474,0.6,-0.32,2.0,20.0,25.0,2
0.5688458,0.12757057,2.8286002e-05,0.05902103,2.3395917,0.3,-0.33258906,0.0,0.0,0.0,0.40725136,0.55,-0.28,3.0,20.0,25.0,2
0.52126783,0.110263474,5.35843e-05,0.053639993,2.3267293,0.3,-0.28406462,0.0,0.0,0.0,0.36425668,0.5,-0.24,4.0,20.0,25.0,2
0.47378486,0.09970298,9.602326e-05,0.053047903,2.2694736,0.3,-0.30456227,0.0,0.0,0.0,0.32158145,0.45,-0.2,5.0,20.0,25.0,2
0.42635924,0.08355602,0.00016277561,0.05787332,2.8651721,0.3,0.09497847,0.0,0.0,0.0,0.27937213,0.4,-0.16,6.0,20.0,25.0,2
0.3789647,0.08333952,0.00026102405,0.059470676,2.164929,0.3,0.12807617,0.0,0.0,0.0,0.23787679,0.35,-0.12,7.0,20.0,25.0,2
0.33158532,0.07493818,0.0003959696,0.06544925,2.3029435,0.3,0.1106253,0.0,0.0,0.0,0.19754592,0.3,-0.08,8.0,20.0,25.0,2
0.28421268,0.061665073,0.0005682764,0.05212089,2.1636012,0.3,0.1492158,0.0,0.0,0.0,0.1592666,0.25,-0.04,9.0,20.0,25.0,2
0.23684278,0.07583948,0.0007716452,0.05051717,2.8285391,0.3,0.10399571,0.0,0.0,0.0,0.12493901,0.2,0.0,10.0,20.0,25.0,1
0.18947393,0.071714036,0.00057633757,0.0685039,2.582968,0.3,0.116948694,0.0,0.0,0.0,0.09370425,0.15,0.0,11.0,20.0,25.0,1
0.14210534,0.05510134,0.0004186788,0.052839346,2.9448252,0.3,0.119243614,0.0,0.0,0.0,0.062469505,0.1,0.0,12.0,20.0,25.0,1
0.09473687,0.06252027,0.00029582533,0.06184273,2.7390614,0.3,0.092373826,0.0,0.0,0.0,0.031234752,0.05,0.0,13.0,20.0,25.0,1
0.284213,0.075091675,4.8475727e-06,0.057262372,2.880895,0.3,0.08055243,0.0,0.0,0.0,0.2879702,0.3,-0.28,0.0,20.0,25.0,4
0.28421327,0.06461203,1.0405838e-05,0.06291991,2.8718956,0.3,0.08969815,0.0,0.0,0.0,0.26503566,0.3,-0.24,1.0,20.0,25.0,2
0.2368432,0.07544874,1.6686323e-05,0.052145943,2.6833422,0.3,0.14271778,0.0,0.0,0.0,0.22086306,0.25,-0.2,2.0,20.0,25.0,2
0.18947409,0.060079854,2.5311441e-05,0.050790038,2.8159597,0.3,0.13800791,0.0,0.0,0.0,0.17669044,0.2,-0.16,3.0,20.0,25.0,2
0.1421054,0.06730158,3.632001e-05,0.051522713,2.613593,0.3,0.11951446,0.0,0.0,0.0,0.13251783,0.15,-0.12,4.0,20.0,25.0,2
0.09473688,0.0682411,4.9300143e-05,0.052734826,2.7685199,0.3,0.12805255,0.0,0.0,0.0,0.08834522,0.1,-0.08,5.0,20.0,25.0,2
0.047368433,0.06468141,6.330295e-05,0.059020378,2.0656729,0.3,0.06814384,0.0,0.0,0.0,0.04417261,0.05,-0.04,6.0,20.0,25.0,2
0.56851214,0.122293934,7.515606e-08,0.053050794,2.9362125,0.3,-0.27624917,0.0,0.0,0.0,0.51228803,0.5,-0.52,0.0,20.0,25.0,2
0.5211137,0.11169715,1.7293227e-07,0.06444508,2.9866633,0.3,-0.3062397,0.0,0.0,0.0,0.4685213,0.45,-0.48,1.0,20.0,25.0,2
0.47372198,0.09374127,3.7640956e-07,0.05669817,2.1251876,0.3,-0.32587984,0.0,0.0,0.0,0.42483857,0.4,-0.44,2.0,20.0,25.0,2
0.42633736,0.09056334,7.750287e-07,0.053273235,2.409338,0.3,0.111521944,0.0,0.0,0.0,0.38126874,0.35,-0.4,3.0,20.0,25.0,2
0.37895873,0.070484236,1.5095497e-06,0.06979943,2.770415,0.3,0.06056647,0.0,0.0,0.0,0.33785552,0.3,-0.36,4.0,20.0,25.0,2
0.33158448,0.066614635,2.7813114e-06,0.055158474,2.341886,0.3,0.14756101,0.0,0.0,0.0,0.29466808,0.25,-0.32,5.0,20.0,25.0,2
0.284213,0.075091675,4.8475727e-06,0.057262372,2.880895,0.3,0.08055243,0.0,0.0,0.0,0.25182262,0.2,-0.28,6.0,20.0,25.0,4
0.28421327,0.06461203,1.0405838e-05,0.06291991,2.8718956,0.3,0.08969815,0.0,0.0,0.0,0.225237,0.2,-0.24,7.0,20.0,25.0,2
0.2368432,0.07544874,1.6686323e-05,0.052145943,2.6833422,0.3,0.14271778,0.0,0.0,0.0,0.18212834,0.15,-0.2,8.0,20.0,25.0,2
0.18947409,0.060079854,2.5311441e-05,0.050790038,2.8159597,0.3,0.13800791,0.0,0.0,0.0,0.13968606,0.1,-0.16,9.0,20.0,25.0,2
0.1421054,0.06730158,3.632001e-05,0.051522713,2.613593,0.3,0.11951446,0.0,0.0,0.0,0.09877296,0.05,-0.12,10.0,20.0,25.0,4
0.14210539,0.0654606,6.976636e-05,0.05258806,2.1673827,0.3,0.09043188,0.0,0.0,0.0,0.06984303,0.05,-0.08,11.0,20.0,25.0,2
0.09473688,0.058801416,9.21059e-05,0.05030471,2.4182272,0.3,0.07748061,0.0,0.0,0.0,0.031234752,0.0,-0.04,12.0,20.0,25.0,4
0.6159149,0.13826734,0.03442246,0.06345585,2.5976057,0.3,-0.3259307,0.0,0.0,0.0,0.5622255,0.0,0.72,0.0,20.0,25.0,0
0.56851214,0.116671704,0.020649163,0.059801318,2.1635978,0.3,-0.31180602,0.0,0.0,0.0,0.5319087,-0.05,0.68,1.0,20.0,25.0,0
0.5211137,0.10590168,0.011729652,0.06398853,2.7481132,0.3,-0.28197724,0.0,0.0,0.0,0.50364524,-0.1,0.64,2.0,20.0,25.0,3
0.52113503,0.11514988,0.007155875,0.061191157,2.6033201,0.3,-0.29877782,0.0,0.0,0.0,0.47266757,-0.1,0.6,3.0,20.0,25.0,0
0.4737332,0.10134315,0.0037658808,0.065814056,2.411323,0.3,-0.27626428,0.0,0.0,0.0,0.4472136,-0.15,0.56,4.0,20.0,25.0,3
0.47374526,0.1022182,0.00218734,0.061725896,2.0833836,0.3,-0.31753242,0.0,0.0,0.0,0.41672358,-0.15,0.52,5.0,20.0,25.0,0
0.42634797,0.08148278,0.0010617393,0.05769815,2.1908343,0.3,0.09141298,0.0,0.0,0.0,0.39509183,-0.2,0.48,6.0,20.0,25.0,5
0.47376826,0.097769424,0.0006806177,0.06498102,2.4586232,0.3,-0.3011759,0.0,0.0,0.0,0.35613096,-0.15,0.44,7.0,20.0,25.0,3
0.47377712,0.090204515,0.00036428752,0.055024426,2.3121834,0.3,-0.34019175,0.0,0.0,0.0,0.32610038,-0.15,0.4,8.0,20.0,25.0,3
0.47378287,0.10720391,0.00018964424,0.056262888,2.7985072,0.3,-0.2655643,0.0,0.0,0.0,0.2963189,-0.15,0.36,9.0,20.0,25.0,3
0.47378486,0.09970298,9.602326e-05,0.053047903,2.2694736,0.3,-0.30456227,0.0,0.0,0.0,0.26686984,-0.15,0.32,10.0,20.0,25.0,0
0.42635924,0.08184543,4.0588242e-05,0.0571827,2.6518698,0.3,0.063071035,0.0,0.0,0.0,0.25182262,-0.2,0.28,11.0,20.0,25.0,5
0.47377712,0.09880406,2.264966e-05,0.06788125,2.0643222,0.3,-0.3390264,0.0,0.0,0.0,0.20952909,-0.15,0.24,12.0,20.0,25.0,3
0.47376826,0.101323426,1.0551372e-05,0.060670804,2.4916472,0.3,-0.3012146,0.0,0.0,0.0,0.18212834,-0.15,0.2,13.0,20.0,25.0,3
0.4737573,0.10612593,4.7807107e-06,0.062402174,2.2005486,0.3,-0.25404233,0.0,0.0,0.0,0.15617377,-0.15,0.16,14.0,20.0,25.0,5
0.5211858,0.11649798,2.3872565e-06,0.063879326,2.6181676,0.3,-0.34615737,0.0,0.0,0.0,0.1126185,-0.1,0.12,15.0,20.0,25.0,5
0.568645,0.12618867,1.1276601e-06,0.05848278,2.7090662,0.3,-0.31502968,0.0,0.0,0.0,0.06984303,-0.05,0.08,16.0,20.0,25.0,5
0.61613727,0.13434234,5.038832e-07,0.0647501,2.6587102,0.3,-0.27012858,0.0,0.0,0.0,0.031234752,0.0,0.04,17.0,20.0,25.0,3
