epoch,train_loss,val_loss,miz_day1,miz_day2,miz_day3,miz_mean,persist_day1,persist_day2,persist_day3,lr,time_s
1,0.010789,0.004579,0.116422,0.144999,0.163039,0.141486,0.123128,0.123443,0.123611,1.00e-03,98.1
2,0.003627,0.004659,0.096878,0.125647,0.143012,0.121846,0.123128,0.123443,0.123611,9.99e-04,99.4
3,0.003334,0.003938,0.101101,0.131319,0.149944,0.127455,0.123128,0.123443,0.123611,9.98e-04,96.3
4,0.003215,0.003888,0.097869,0.126648,0.147731,0.124083,0.123128,0.123443,0.123611,9.96e-04,95.8
5,0.003114,0.003804,0.098085,0.127958,0.146183,0.124075,0.123128,0.123443,0.123611,9.94e-04,96.0
6,0.003027,0.003809,0.097161,0.124941,0.143434,0.121846,0.123128,0.123443,0.123611,9.91e-04,95.8
7,0.002988,0.003656,0.092991,0.122653,0.143119,0.119588,0.123128,0.123443,0.123611,9.88e-04,95.0
8,0.002973,0.003655,0.099701,0.129324,0.148688,0.125904,0.123128,0.123443,0.123611,9.84e-04,93.7
9,0.002951,0.003642,0.095335,0.124987,0.142799,0.121041,0.123128,0.123443,0.123611,9.80e-04,94.0
10,0.002850,0.003554,0.093156,0.122659,0.141831,0.119215,0.123128,0.123443,0.123611,9.76e-04,94.2
11,0.002857,0.003491,0.093789,0.123670,0.143582,0.120347,0.123128,0.123443,0.123611,9.70e-04,94.3
12,0.002813,0.003509,0.088471,0.117124,0.134299,0.113298,0.123128,0.123443,0.123611,9.65e-04,94.3
13,0.002800,0.003487,0.091651,0.121879,0.141807,0.118446,0.123128,0.123443,0.123611,9.59e-04,94.0
14,0.002756,0.003538,0.090112,0.120758,0.140649,0.117173,0.123128,0.123443,0.123611,9.52e-04,94.5
15,0.002745,0.003435,0.088543,0.119471,0.137742,0.115252,0.123128,0.123443,0.123611,9.46e-04,93.6
16,0.002740,0.003459,0.091195,0.122823,0.142770,0.118929,0.123128,0.123443,0.123611,9.38e-04,93.8
17,0.002702,0.003445,0.093183,0.125762,0.144926,0.121290,0.123128,0.123443,0.123611,9.30e-04,94.2
18,0.002711,0.003465,0.091381,0.124711,0.145391,0.120494,0.123128,0.123443,0.123611,9.22e-04,95.8
19,0.002666,0.003449,0.091659,0.124476,0.144821,0.120318,0.123128,0.123443,0.123611,9.14e-04,94.0
20,0.002659,0.003478,0.088129,0.118289,0.137514,0.114644,0.123128,0.123443,0.123611,9.05e-04,93.7
21,0.002649,0.003533,0.088426,0.119175,0.139766,0.115789,0.123128,0.123443,0.123611,8.95e-04,95.4
